rera_certificate_no,builder_name,complaint_count,cases_count,possession_delay_months
P51700000002,UNNATHI ESTATES,0,2,12
P51700001636,A G SUPERSTRUCTURES PVT LTD,0,0,48
P51700000053,GOLDSTAR SANKALP CONSTRUCTION,0,1,12
P51700002491,SONAM BUILDERS,0,0,9
P51700000009,RNA Builders (NG),1,0,0
P51800007505,RDC VENTURES,0,0,18
P51700008448,PRATHAM INFRASTRUCTURE,0,0,0
P51700000586,SALASAR ESTATE DEVELOPERS LLP,0,1,48
P51700000766,UNNATHI ASSOCIATES,0,1,12
P51900010004,khade Infrastructre Pvt. Ltd.,7,0,42
P51700006770,UNIQUE SHANTI DEVELOPERS LLP,0,0,15
P51700002572,SHANTISTAR BUILDERS,0,0,24
P51700000177,SALASAR ESTATE DEVELOPERS LLP,0,1,36
P51700001116,ANNAPURNA REALTORS,0,0,48
P51700001403,VENKATESH CONSTRUCTION,0,1,12
P51700001968,ASHA ENTERPRISES,0,3,78
P51700000549,Haware's Housing Development Finance Corporation Ltd.,0,0,21
P51700000120,Godrej Greenview Housing Private Limited,11,2,24
P51700001515,HAWARE ENGINEERS AND BUILDERS PRIVATE LIMITED,3,1,18
P51700000520,Puranik Tokyo Bay Private Limited,93,5,36
P51700000618,Puranik Tokyo Bay Private Limited,7,3,46
P51700000689,Puranik Builders Limited,2,8,67
P51700002456,SHREE CONSTRUCTIONS,1,4,12
P51700000912,Puranik Builders Limited,5,11,75
P51700006750,Kakad Housing Corporation,4,1,49
P51700000940,M/s. Annapurna Lifespaces LLP,0,0,66
P51700002158,Puranik Builders Limited,1,3,12
P51700010292,Salangpur Gruh Nirman,1,0,18
P51700001132,OM SAI CHARAN BUILDERS,0,0,24
P51700000893,ANNAPURNA CREATORS,0,0,12
P51700002009,UMESH NARESH JAIN,0,2,0
P51700003496,UNIQUE SHANTI DEVELOPERS LLP,0,0,24
P51700000320,RNA Builders (NG),0,0,0
P51700003278,SHANTISTAR BUILDERS,0,0,60
P51700000589,RNA Builders (NG),0,0,24
P51700001153,MACROTECH DEVELOPERS LIMITED,0,0,3
P51700001458,VIHANG ENTERPRISES,0,2,24
P51700002317,AARTI ESTATES,0,1,12
P51700004541,Geeta Developers,0,0,6
P51700001702,D.V.BUILDERS & DEVELOPERS PVT. LTD.,0,0,25
P51700001981,Silver Enterprises,0,0,0
P51700004612,Laabh Samruddhi Enterprises,12,0,48
P51700002994,SAI PREM DEVELOPERS PRIVATE LIMITED,0,0,24
P51700011846,AAKASH BUILDERS & DEVELOPERS,0,0,36
P51700000957,ANNAPURNA ASSOCIATES,0,0,24
P51700005311,Uma Enterprises,0,0,33
P51700001595,Shashwat Developers,0,0,60
P51700008034,SHRADDHA CONSTRUCTIONS,0,0,7
P51700002129,LAXMI ASSOCIATES,0,0,36
P51700009395,SAI KRUPA DEVELOPERS,6,0,48
P51700007887,HEMENDRA PRANJIVAN BOSMIYA,0,0,54
P51700003222,UNIQUE SHANTI DEVELOPERS LLP,1,0,78
P51800000876,ANNAPURNA BUILDCON INFRA PRIVATE LIMITED,0,0,66
P51800001920,Neha Developers,0,1,90
P51700009852,HEMENDRA PRANJIVAN BOSMIYA,0,0,24
P51700000864,M/s Keytech,0,0,12
P51700008077,S. M. INFRASTRUCTURES,12,5,33
P51700011246,LAABH BUILDWELL,2,0,48
P51700003362,UNIQUE SHANTI NEMINATH DEVELOPERS LLP,0,0,9
P51700004954,UNIQUE SHANTI NEMINATH DEVELOPERS LLP,0,0,15
P51700001707,SAI UMA CONSTRUCTION PRIVATE LIMITED,0,7,51
P51700002037,UNNATHI ASSOCIATES,0,1,12
P51700001560,MAISON CONSTRUCTIONS PRIVATE LIMITED,0,2,9
P51700012157,HIRAL HOMES,0,0,42
P51700001219,RAJ REALTORS,0,0,72
P51700005802,NEW HOMES CORPORATION,0,0,51
P51700006513,PRITHVI BUILDWORTH CONSTRUCTIONS,9,1,12
P51700003994,SHREE BALAJI BUILDERS AND DEVELOPERS,0,0,132
P51700006779,SHREE BALAJI BUILDERS AND DEVELOPERS,0,0,24
P51800002185,Annapurna Properties,0,0,24
P51700004905,SHREE OSTWAL BUILDERS LTD,0,3,58
P51700001861,RAJ CORPORATION,0,0,16
P51700001015,Gujarat Land Developers,0,0,12
P51700008381,SHREE OSTWAL BUILDERS LTD,0,2,17
P51700003627,SATGURU LIFESPACES,0,0,45
P51700003503,SHREE PRATHAMESH DEVELOPER,0,0,6
P51800011407,Ravi Developments,4,4,36
P51700008433,SHREE OSTWAL BUILDERS LTD,0,2,17
P51700005942,M/S Ace Constructions,0,0,11
P51700001286,AYUB HUSAIN KHATRI,0,0,0
P51700003472,Ravi Developments,25,2,116
P51700008009,M/S Ace Constructions,0,0,6
P51700002276,Sagar Enterprise,0,0,0
P51700001353,SIDDHIVINAYAK DEVELOPERS,0,0,12
P51700001323,Sagar Enterprise,0,2,0
P51700002089,BHAKTI CORPORATION,0,0,0
P51700006406,SHREE GURUKRUPA VENTURES LLP,0,0,2
P51700001276,JVM ENTERPRISE,0,0,0
P51700004934,SAHIL DEVELOPERS,0,0,81
P51700011396,M/s RAVIRAJ HOUSING (PRINCE CITY),0,0,20
P51700001619,infinity creators,0,0,0
P51700006605,Puranik Tokyo Bay Private Limited,1,1,0
P51700011940,ANNAPURNA BUILDCON INFRA PVT LTD,0,0,0
P51700008730,Rais  Ahmad,0,0,12
P51700006780,SHREE J.P. BUILDERS,0,0,24
P51700002452,PREMIER REALTY,0,0,12
P51700006296,AKSHAR SHANTI REALTORS PRIVATE LIMITED,5,4,66
P51700002976,Narendra Lalchand Mehta,2,0,6
P51700007141,SADGURU BUILDERS,0,0,108
P51700005672,DARVESH PROPERTIES PRIVATE LIMITED,6,0,96
P51700001388,STEELFAB ENGINEERING CORPORATION,27,0,12
P51700007534,Rashmi Housing Private Limited,0,1,12
P51900006575,Sanghvi Premises Pvt. Ltd.,0,0,60
P51700008907,Jangid Properties,0,0,52
P51700007793,GAURAV ENTERPRISES,1,0,12
P51700010943,LAABH REALTORS,0,0,48
P51700004717,R K DEVELOPMENT,0,0,0
P51700004725,SOHAM ESTATES,2,0,24
P51700002231,MAYFAIR MARU DEVELOPERS,13,5,120
P51700007634,RITESH RAMESH JAIN,0,0,12
P51700010843,Salangpur Gruh Nirman,1,0,24
P51700009673,H K Constructions,0,0,53
P51700008280,Swagat Property Developers,0,0,12
P51700008485,SOHAM ESTATES,14,0,23
P51700011018,SALANGPUR REALTY,0,0,1
P51700009055,Aniline Construction Company Private Limited,0,1,6
P51800008105,KASHIMIRA CERAMIC PRODUCTS LLP,49,1,9
P51800008104,KASHIMIRA CERAMIC PRODUCTS LLP,174,1,9
P51900009486,SIDDHIVINAYAK HOMES PVT. LTD.,1,0,12
P51700012201,M/S Shree Balaji Foundation,0,0,24
P51700009100,IDEAL BUILDER & DEVELOPERS,0,0,0
P51700007024,Aniline Construction Company Private Limited,2,0,12
P51700008296,RNA Corp Pvt. Ltd,11,15,31
P51700004482,RNA Corp Pvt. Ltd,7,7,31
P51700011148,K M DEVELOPERS,0,0,24
P51700009090,SUNIL MANGILAL JAIN,0,0,24
P51700005589,JVM REALTY,0,0,54
P51700008762,M/S Shri Tirupati Realty,0,0,24
P51700005412,UNIQUE SHANTI REALTORS,2,0,45
P51700008916,JP Infra Realty Private Limited,0,0,12
P51700005948,Sudama construction co.,2,0,24
P51700004429,ARKADE REALTY,24,0,18
P51900008323,Sanghvi Premises Pvt Ltd,0,0,60
P51800008848,PRITHVI LAND DEVELOPERS,1,2,31
P51700004023,SHYAMSUNDER RADHYSHYAM AGRAWAL,0,0,24
P51700009169,SHRI SATIMA ENTERPRISE,0,0,12
P51700005363,UNNATHI ASSOCIATES,0,5,12
P51700005406,SPAN VENTURE,0,0,24
P51700004747,SONAM BUILDERS,0,0,9
P51700006180,Ellora Realcon LLP,1,1,18
P51700004117,JP Infra Realty Private Limited,2,0,12
P51700007911,UDAY GHANSHYAM NAIK,3,1,108
P51700007563,M/s EVERGREEN CONSTRUCTION,0,0,17
P51800008744,Tejas Tarun Vyas,4,0,24
P51700003600,Cityscape Construction Co,0,4,21
P51700012432,VIHANG ENTERPRISES,0,7,12
P51700007248,Jangid Properties,30,0,18
P51700008208,SALASAR PROPERTY DEVELOPERS,0,0,12
P51700008205,SKD REALTY LLP,2,1,18
P51700007001,JP Infra Realty Private Limited,3,0,12
P51700008395,MAN GLOBAL LTD.,125,11,43
P51700012357,Jangid Developers,6,0,68
P51700004330,UNNATHI ESTATES,0,1,12
P51700009513,Damji Shamji Realty Private Limited,1,2,29
P51700012047,SHALIBHADRA REALITY,0,0,36
P51700008895,UDAY GHANSHYAM NAIK,6,1,36
P51700003412,savera construction co,0,0,41
P51700004368,Seven Eleven Construction Private Limited,1,1,18
P51700006371,SACHIN ENTERPRISES,0,0,3
P51700004092,ARKADE REALTY,1,0,30
P51700006067,Ramdev Villa,0,0,1
P51700010444,SHREENATH ENTERPRISES,0,0,40
P51700003099,RITU INFRASTRUCTURE PVT LTD,0,0,24
P51700004584,ASLAM ISMAIL PATEL,0,0,61
P51700005483,FIAMA CONSTRUCTION COMPANY,0,1,36
P51700005005,ANIRUDDHA BUILDERS AND DEVELOPERS,0,0,0
P51700004956,AIMS PROMOTERS PVT LTD,11,0,75
P51700006068,ARIHANT DEVELOPERS,0,0,12
P51700006636,GAUTAM ESTATES,0,1,24
P51700006155,Uma Enterprises,0,0,9
P51700007785,SDC DEVELOPERS PRIVATE LIMITED,0,0,12
P51700005038,VIHANG ENTERPRISES,0,7,12
P51700009680,Ravi Developments,3,0,24
P51700009830,Happy Home Residency,0,0,12
P51700010308,SHREE SAMARTHA DEVELOPERS,0,0,24
P51700012299,Shreedham Construction Private Limited,1,0,12
P51700007988,Seven Eleven Construction Private Limited,0,1,18
P51700010895,PADAMAVATI BUILDERS AND INFRASTRUCTURES,0,0,51
P51700010577,RAMNAGAR DEVELOPMENT CORPORATION,0,0,48
P51700004386,Sahakar Infracon Projects Private Limited,0,0,12
P51700008667,JP Infra (Mumbai) Pvt. Ltd.,2,1,21
P51700010286,SDC PROPERTIES PRIVATE LIMITED,0,0,36
P51700001985,DEDHIA BUILDERS AND DEVELOPERS (INDIA) LLP,14,1,12
P51700011284,SALASAR UNIQUE REALTORS LLP,0,1,12
P51700002002,SHREE HOUSING CO,0,1,48
P51700009969,Delta venture,1,2,24
P51700004620,WESTERN REAL ESTATE PVT. LTD.,1,1,94
P51700009203,JAK INFRA,0,0,24
P51700010363,D. L. BUILDERS PVT. LTD.,0,1,3
P51700005638,UMESH RAOSAHEB PAWAR PATIL HUF,0,2,12
P51700009235,KISMAT DEVLOPERS,0,0,24
P51700004512,STRAWBERRY CONSTRUCTIONS PVT. LTD.,0,2,21
P51700004961,SHREE AMBESH CONSTRUCTION,0,0,23
P51700009724,Ravi Developments,19,0,0
P51700006741,Shree Vaishnavi Gold Homes,0,0,24
P51700008964,SADGURU BABA DEVELOPERS LLP,1,1,12
P51700009592,SHREE SACHDHANAND DEVELOPERS,0,1,18
P51700007033,UNNATHI ASSOCIATES,0,5,12
P51700012204,BHAWANI CONSTRUCTIONS,0,0,24
P51700005767,SIDDHIVINAYAK DEVELOPERS,1,0,4
P51700010584,KAVYA MIRA REALTY,13,0,93
P51700009072,Ravi Developments,0,1,6
P51700003812,KARMA CONSTRUCTION,1,0,12
P51700011256,SHREE PANCHAM ASSOCIATES,0,0,6
P51700010224,STRAWBERRY CONSTRUCTIONS PVT. LTD.,0,5,48
P51700006459,UNIQUE SHANTI REALTORS,0,0,18
P51700009949,UNIQUE SHANTI REALTORS,0,0,18
P51700009184,ANANT SQUARE,0,0,0
P51700009145,M.M.CONSTRUCTION,0,0,18
P51700011797,Ravi Developments,0,1,0
P51800010532,Delta venture,0,1,7
P51700007526,OM CONSTRUCTION CO,0,0,25
P51700005737,INDRALOK CONSTRUCTION CO,0,0,26
P51700006433,MANISH NANDKUMAR PATIL,0,0,30
P51700009878,ANANT SQUARE,0,0,0
P51700012851,COTTADIYIL ENTERPRISES,0,0,33
P51700009004,R N ENTERPRISES,0,0,12
P51700010608,NANDKUMAR MAHADEV PATIL,0,0,12
P51700009826,PRAKASH HAMIRMAL JAIN,0,0,0
P51700010771,NANDKUMAR MAHADEV PATIL,0,0,36
P51700010406,PNK SPACE DEVELOPMENT PVT LTD,4,5,12
P51700009545,JAYDEEP CORPORATION,0,0,0
P51700008166,Ravi Developments,0,1,6
P51700010395,STRAWBERRY CONSTRUCTIONS PVT. LTD.,0,5,96
P51700007104,SUNDER ANGAN DEVELOPERS,0,4,55
P51700006557,M/s. Shri Venkatesh Ramdev Homes,0,0,48
P51700008037,BHOOPENDRA GHISULAL BORANA,0,0,36
P51800009375,Sai Omkar Developers,0,0,12
P51700010575,SHREE CONSTRUCTION COMPANY,2,0,120
P51700003444,NIRMITI CONSTRUCTIONS,0,0,40
P51700008949,Shriraam Pioneer Developers Private Limited,5,0,72
P51700009498,Puranik Builders Limited,0,0,0
P51700011183,M/s. Arun Bhoomi Corporation,98,5,72
P51700007276,Ravi Developments,2,0,24
P51700010057,Rohit Devendra Goyal,0,3,24
P51700010338,Seven Eleven Construction Private Limited,0,0,12
P51700005760,COSMOS LIFESTYLE,0,0,3
P51700010281,JAY BHARATI REALTY,0,0,75
P51700011597,Seven Eleven Construction Private Limited,0,1,24
P51700011906,ASHTAVINAYAK ENTERPRISES,0,0,12
P51700004996,BUILDWELL LAND DEVELOPERS PRIVATE LIMITED,0,3,0
P51700012160,R R BUILDERS,0,0,66
P51700008758,ANIL thakurdas kursija,17,0,65
P51700004645,SHREE BALAJI REALITY,0,0,4
P51700005806,HARSH REAL ESTATE PRIVATE LIMITED,0,0,36
P51700010095,Manoj Motaji Purohit,0,0,0
P51700011369,V.R. Construction Co.,0,0,21
P51700011796,Ravi Developments,15,0,84
P51700012652,GOLDFIELD ASSOSCIATES,0,0,5
P51700012669,C9 BUILDCON,2,1,44
P51700007828,JASMINE REALTY,1,1,36
P51700008383,Ideal Developers,27,0,39
P51700011960,SHRIPRAKASH VIJAYNATH RAI,0,0,36
P51700006603,DAICHI INFRA LLP,0,0,24
P51700009309,SHREE SAI SHAKTI DEVELOPERS,0,0,24
P51700009612,SHREENATH ENTERPRISES,0,0,9
P51700012936,ABHAY BUILDERS,6,1,30
P51700011047,TIRUPATI DEVELOPERS,0,0,84
P51700010445,MIra Housing Development Corporation,0,0,20
P51700008654,JANARDHAN SAKHARAM BHOIR,0,0,36
P51700013323,SAI UMA CONSTRUCTION PRIVATE LIMITED,0,7,12
P51700007398,HITECH DEVELOPERS,0,0,34
P51700012687,RATNA PRIYA BUILDERS,0,0,36
P51700009414,SILVER & RASHI CONSTRUCTIONS,0,1,68
P51700011835,Geeta Space Realtors,0,0,6
P51700012672,SHUBHAM DRASHTI ENTERPRISES,0,0,56
P51700013178,SAIRAJDEVELOP,0,0,24
P51700012717,SAIRAJDEVELOP,0,0,24
P51700011011,DAYANAND SANJEEV SHETTY,0,0,24
P51700013056,GOODWILL PROPERTIES,0,1,0
P51700010847,Amisha Associates,3,0,54
P51700013010,S.N. BUILDERS,2,0,60
P51700011856,NEMINATH ENTERPRISES,0,0,12
P51700012721,AASANJO AMBER,2,0,83
P51700013805,Damji Shamji Realty Private Limited,0,2,12
P51700010725,SHUBHAM ENTERPRISES,0,0,12
P51700012747,KEYSTONE CLASSIC,0,0,24
P51700013349,SWAYAM DEVELOPERS,13,1,48
P51700012991,MACROTECH DEVELOPERS LIMITED,2,1,12
P51700013859,Hemant S Jain,0,0,0
P51700013858,Hemant S Jain,1,0,39
P51700020119,AXIS BUILDERS PVT LTD,0,0,0
P51700015081,SACHIN ENTERPRISES,0,0,18
P51700015050,NEW VEGAS DEVELOPERS,0,0,0
P51700014836,DEEAARDEE ENTERPRISES,0,0,24
P51700014068,SKYWARDS VISION DEVELOPERS,2,0,65
P51700014453,Geeta Developers,0,0,0
P51700016448,MUNISH REALITY,0,0,0
P51700016575,AARTI ESTATES,0,0,0
P51700015519,RNA Builders (NG),0,0,0
P51700015568,RNA Builders (NG),0,0,0
P51700015955,Puranik Builders Limited,0,8,0
P51700015800,UNNATHI ESTATES,1,2,0
P51700015804,UNNATHI ESTATES,2,1,0
P51700016511,SALASAR REALTORS,0,0,0
P51700016020,Seven Eleven Construction Private Limited,0,0,20
P51700016103,MEHTA REALTY,0,0,12
P51700019235,V R Constructors Private Limited,0,1,0
P51700020184,V R Constructors Private Limited,2,1,0
P51700016290,JP Infra Realty Private Limited,2,1,0
P51700016282,SHUBHAM BUILDERS AND DEVELOPERS,0,0,0
P51700016320,Vedant Builders and Developers,3,0,0
P51700016457,KIRAN VASANT THANDRE,0,0,0
P51700016450,RAMPRASAD SOHANLAL AGRAWAL,0,0,0
P51700017046,MOHAN DINESH SINGH,0,0,0
P51700016784,RITESH RAMESH JAIN,0,0,0
P51700017358,SHREE NIDHI DEVELOPERS,0,0,0
P51700016924,RNA Builders (NG),0,0,18
P51700016736,JP Infra Realty Private Limited,0,2,0
P51700016923,BUILDMAN CONSTRUCTION,0,1,24
P51700017157,Umiya Developers,0,0,0
P51700019075,ADESHWAR DEVELOPERS,0,0,0
P51700017467,Vaibhav Siddhi Construction Co.,0,0,0
P51700017515,Pahal Construction Co.,0,0,0
P51700017718,UMESH RAOSAHEB PAWAR PATIL,0,0,0
P51700017723,D. K. Enterprises,1,0,12
P51700019337,Damji Shamji Realty Private Limited,0,2,0
P51700017888,Shree Ramjeevdani Realtors,0,0,0
P51700017916,M/ S. S A REALTY,0,0,0
P51700017865,MAN VASTUCON LLP,8,0,0
P51700017795,prakash hamirmal jain,0,0,0
P51700017941,Geeta Developers,0,0,0
P51700018094,SQUARE ARCH INFRA,2,0,12
P51700018070,Delta venture,0,1,0
P51700018244,MAN VASTUCON LLP,3,0,0
P51700018170,SAI SPARSH DEVELOPERS,0,0,12
P51700018127,JVM SPACES,0,2,0
P51700018291,RNA Builders (NG),0,0,0
P51700018254,RNA Builders (NG),0,0,0
P51700018537,Kiran Dadaji Patil,0,0,0
P51700018324,RNA Builders (NG),0,0,0
P51700018330,M/s. Cityscape Construction Company,0,5,23
P51700018682,STRAWBERRY CONSTRUCTIONS PVT. LTD.,0,3,48
P51700018632,STRAWBERRY CONSTRUCTIONS PVT. LTD.,0,3,60
P51700018599,SAFA MARWAH COOP HOSUING SOCIETY LIMITED,0,0,0
P51700018976,Ravi Developments,0,0,0
P51700018931,RNA Builders (NG),0,0,18
P51700018907,SHIVKRUPA CONSTRUCTION AND DEVELOPERS PVT LTD,0,0,11
P51700019190,RAJ HOMES,0,0,0
P51700020259,RAJ REALTY BUILDERS AND DEVELOPERS PRIVATE LIMITED,0,1,0
P51700019257,Milan Jayantilal Salot,0,0,0
P51700019952,Haware Housing,0,0,0
P51700020659,SALANGPUR NIRMAN,0,0,0
P51700020060,JANGID BUILDERS PRIVATE LIMITED,0,0,36
P51700019613,JP Infra Realty Private Limited,1,0,0
P51700019875,SHANKESHWAR REALTORS,0,0,0
P51700019830,SONAM HOMES PRIVATE LIMITED,0,0,29
P51700020506,UNIQUE SHANTI DEVELOPERS LLP,0,0,0
P51700019629,VIRTUOSO REALTY ENTERPRISES,0,0,11
P51700019586,BHARATBHAI KESHAVLAL UNADKAT,5,3,0
P51700020410,Paridhi Developers,0,0,0
P51700021741,UMESH RAOSAHEB PAWAR PATIL,0,0,0
P51700019783,JP Infra Realty Private Limited,0,0,0
P51700019823,Bhoir Builders And Developers,0,0,0
P51700020204,UNNATHI ASSOCIATES,0,5,0
P51700020244,UNNATHI ASSOCIATES,0,5,0
P51700020271,OM SHREE TIRUPATI BALAJI BUILDERS,0,0,0
P51700020239,NANDKUMAR M PAPAIYA,0,0,0
P51700019982,M/s Shree Ramdev Ritu Developers,0,0,0
P51700019990,RAJ AKSHAY,0,0,0
P51700020274,Dharmendra Chandrapal Singh,0,0,0
P51700021222,WHITE HEAVEN REALTY,0,0,0
P51700020082,JP Infra Residency Private Limited,0,0,0
P51700020265,Puranik Tokyo Bay Private Limited,1,5,0
P51700020491,Vinod Lalchandji Mehta,0,0,0
P51700020309,Vinod Lalchandji Mehta,0,0,0
P51700020490,M/S Shubh Realty,0,0,0
P51700020335,VIHANG INFRASTRUCTURE PVT LTD,0,8,0
P51700020360,MAHALAXMI CONSTRUCTION CO,0,1,0
P51700020867,786 MICRON BUILDERS & DEVELOPERS,0,0,48
P51700021080,AMAR ASSOCIATES,0,0,0
P51700020782,SHETH BUILDERS PRIVATE LIMITED,0,0,0
P51700022467,ANMOL DEVELOPERS,0,0,0
P51700020730,VIHANG ENTERPRISES,0,1,0
P51700020927,SQUARE ARCH INFRA,0,0,0
P51700020921,UNNATHI ESTATES,0,0,30
P51700021181,ARISTONE DEVELOPERS,0,0,0
P51700021045,JEETENDRA ALIAS RAVI AMARNATH KAPOOR,0,0,0
P51700021404,RAJMAN RAJPAT YADAV,2,0,0
P51700021650,RASSAZ INFRASTRUCTURE PRIVATE LIMITED,0,0,0
P51700021500,RNA Builders (NG),0,0,0
P51700021757,SHREE SAVALIYA HOUSING LLP,0,0,0
P51700022208,MAHALAXMI ENTERPRISES,0,0,0
P51700021735,JEETENDRA ALIAS RAVI AMARNATH KAPOOR,0,0,0
P51700022116,M/s Kanso Realty,0,0,0
P51700022049,RNA Builders (NG),0,0,0
P51700022028,RNA Builders (NG),0,0,0
P51700022791,SURESH RADHESHYAM KABRA,0,0,0
P51700022175,SHREE SAI SHAKTI DEVELOPERS,0,0,0
P51700022407,JVM SPACES,0,5,0
P51700022362,Happy Home Residency,0,0,18
P51700022771,GNR Developers,0,0,0
P51700022775,MAXUS PRIME REALTY LLP,0,0,39
P51700023901,Silver & Rashi Constructions,0,0,0
P51700025005,Haware Housing,0,0,0
P51700024029,RAJKUMAR OMPRAKASH SHARMA,0,0,0
P51700023861,Alshaan Farookh Qureshi,0,0,0
P51700024319,SHUBHASHISH DEVELOPERS,0,5,0
P51700024218,VAVYA ENTERPRISES,0,0,0
P51700023670,HETAL INFRA REALTORS LLP,0,0,0
P51700024335,Geeta Developers,0,0,0
P51700024772,AKSHAR SHANTI REALTORS PRIVATE LIMITED,0,4,0
P51700023940,JP Infra Realty Private Limited,0,0,0
P51700023844,MAN VASTUCON LLP,0,0,0
P51700024016,UNIQUE SHANTI DEVELOPERS LLP,0,0,6
P51700024492,SHREE OSTWAL BUILDERS LTD,0,0,0
P51700025546,Salasar Associates,0,0,0
P51700024373,EKVEERA ENTERPRISES,0,1,0
P51700024438,K M REALTY,0,0,0
P51700024952,SKD REALTY LLP,0,3,0
P51700024636,DINESH NANDKISHORE SIKHWAL,0,0,0
P51700024761,GRANDBUILD REALTY LLP,0,0,0
P51700024926,Gayatrikripa Developers Private Limited,0,0,0
P51700024930,MAHAVIR DEVELOPERS,0,0,0
P51700025676,MBP REALTORS LLP,0,0,0
P51700025078,KAMRUDDIN HASMULLAH SIDDIQUE,0,0,12
P51700025276,GUJARAT ESTATE,0,0,0
P51700025771,A.A.CORP.,0,0,0
P51700026336,SHANTISTAR BUILDERS,0,0,0
P51700026651,Ashtha Vinayak Developers LLP,0,0,0
P51700026283,Hemant S Jain,0,0,0
P51700026692,SHREE NIDHI DEVELOPERS,0,0,0
P51700026430,A.H. Constructions,0,0,0
P51700026852,Leena Construction Co.,0,0,0
P51700026564,M/s.Hari Om Developers,0,1,0
P51700026698,Pravin Vandravandas Vora,0,1,0
P51700026679,Sagar Enterprise,1,10,0
P51700027028,ORIGIN REALTORS LLP,0,0,24
P51700026813,UNIQUE SHANTI REALTORS,0,0,42
P51700027312,Shree Savaliya Housing LLP,0,0,0
P51700027154,SHREE AANGAN CONSTRUCTION,0,0,0
P51700031097,SADGURU BUILD PROJECTS PRIVATE LIMITED,0,0,0
P51700027465,SONAM BUILDERS,0,0,11
P51700027284,AVIGHNAA INFRA BUILDCON LLP,0,0,0
P51700028265,YASH JAYESH SHAH,0,0,0
P51700028853,JAY HARESH MEHTA,0,0,0
P51700027464,SPACE REALTY,0,0,0
P51700027365,SWASTIK DEVELOPERS,0,0,0
P51700027348,ARIHANT ENTERPRISES,0,0,0
P51700027601,MEETALI ENTERPRISES,0,0,0
P51700027772,KISHOR VISHNU BHOIR,0,0,0
P51700028435,UNNATHI ASSOCIATES,0,2,0
P51700027955,SHREE PRATHAMESH DEVELOPER,0,0,0
P51700027673,SHREE ANAND CONSTRUCTION,0,0,0
P51700027576,REDEVELOPMENT ASSOCIATES,0,0,0
P51700027672,SARANGPUR DEVELOPERS,0,0,0
P51700027814,Hemant Sagarmal Jain,0,0,0
P51700028020,SHREE ADESHWAR HOMES,0,0,0
P51700028141,RAJDEEP REALTORS,0,0,0
P51700028361,Sagar Enterprise,0,0,0
P51700028384,JP Infra Residency Private Limited,0,0,0
P51700029486,VIRTUOSO REALTY ENTERPRISES,0,0,0
P51700028504,KM DEVELOPERS,0,0,0
P51700029362,STRAWBERRY CONSTRUCTIONS PVT. LTD.,0,5,0
P51700029361,STRAWBERRY CONSTRUCTIONS PVT. LTD.,0,5,0
P51700028739,BHADRANKAR ENTERPRISES LLP,0,1,0
P51700029183,VIDHI BUILDCON PRIVATE LIMITED,0,0,0
P51700028700,Leena Estate Venture,0,0,0
P51700029367,Eversmile Properties Private Limited,0,0,0
P51700028685,Eversmile Properties Private Limited,0,1,0
P51700029365,Eversmile Properties Private Limited,0,1,12
P51700028686,Eversmile Properties Private Limited,0,1,0
P51700029686,KRISHNA ASSOCIATE,0,0,0
P51700029505,AKSHITA CONSTRUCTION,4,0,0
P51700029110,SHREE SAI ASSOCIATES,0,0,0
P51700030054,VLIFESPACES AND INFRA DEVELOPERS PRIVATE LIMITED,0,0,0
P51700030151,JP INFRA&SALASAR BUILDCON LLP,0,1,0
P51700029603,JAANVI DEVELOPERS,0,0,0
P51700029653,STRAWBERRY CONSTRUCTIONS PVT. LTD.,0,5,0
P51700029793,PRUTHVI DEVELOPERS,0,0,0
P51700030336,RNA Builders (NG),0,0,0
P51700030337,RNA Builders (NG),0,0,0
P51700035177,Salasar Maxus Builders LLP,0,0,0
P51700031137,SONAM BUILDERS,0,0,12
P51700030025,KALPVRIKSH HOMES LLP,0,0,0
P51700030915,Damji Shamji Realty Pvt. Ltd.,0,1,0
P51700030094,QUANTA REALTY LLP,0,0,0
P51700030690,BRICKSCITY DEVELOPERS PRIVATE LIMITED,0,0,12
P51700030611,MAN VASTUCON LLP,0,0,0
P51700031029,JEETENDRA ALIAS RAVI AMARNATH KAPOOR,0,0,0
P51700031458,TECHNO VISION REALTORS LLP,0,0,0
P51700031064,RNA Builders (NG),0,0,0
P51700033530,Shree Mahalaxmi Builders,0,0,0
P51700031911,RNA Builders (NG),0,0,0
P51700031846,RNA Builders (NG),0,0,0
P51700031379,RNA Builders (NG),0,0,0
P51700032031,JAK REALTY,0,0,0
P51700032014,Krisha Realty,0,0,0
P51700032221,S.S.S ASSOICATES,0,0,0
P51700031849,JP Infra (Mumbai) Pvt. Ltd.,0,1,0
P51700032634,BRICKSCITY DEVELOPERS PRIVATE LIMITED,0,0,0
P51700032616,S C ASSOCIATES,0,0,0
P51700032292,Puranik Builders Limited,0,6,0
P51700032309,RNA Builders (NG),0,0,0
P51700032464,RNA Builders (NG),0,0,0
P51700032435,S. M. INFRASTRUCTURES,0,0,0
P51700032331,VIHANG ENTERPRISES,0,1,24
P51700033231,RAJ REALTY BUILDERS & DEVELOPERS PRIVATE LIMITED,0,1,0
P51700033362,SHREE SAI DEVELOPERS,0,0,0
P51700033471,SHREE RAMDEV RITU DEVELOPERS,0,0,0
P51700032694,RNA Builders (NG),0,0,0
P51700032807,RNA Builders (NG),0,0,0
P51700033489,ASMITA INDIA LIMITED,0,0,12
P51700032789,VARDHAMAN BUILDERS,0,0,0
P51700033813,Ace Signature Homes LLP,0,0,0
P51700034071,MACROTECH DEVELOPERS LIMITED,0,0,0
P51700033431,JP Infra Realty Private Limited,1,2,0
P51700033430,JP Infra Realty Private Limited,0,2,0
P51700033851,Eversmile Properties Private Limited,0,2,0
P51700035107,Buddha Enterprises,0,0,0
P51700033736,Aarsh Construction,0,0,0
P51700033763,SHREENATH CONSTRUCTIONS,0,0,12
P51700034776,RAJ HOMES,0,0,0
P51700035181,SHREE SWASTICK BUILDERS AND DEVELOPERS LLP,0,0,0
P51700033946,PRAMANIK HOUSING PRIVATE LIMITED,0,0,0
P51700034305,RNA Builders (NG),0,0,0
P51700034145,VIHANG INFRASTRUCTURE PVT LTD,0,8,0
P51700034944,S3 Smart Spaces Private Limited,0,0,0
P51700034981,SANTOSH VASANT CHITNIS,0,0,0
P51700045390,SAI CONSTRUCTION,0,0,0
P51700045750,SHREE BUILDCON,0,1,0
P51700045466,INDER'S INFRA,0,0,0
P51700035088,SHREE SAVALIYA HOMES LLP,0,0,0
P51700035168,UNIQUE STAR DEVELOPERS LLP,0,0,0
P51700034754,VIHANG INFRASTRUCTURE PVT LTD,0,8,0
P51700045523,SUNIL MANGILAL JAIN,0,0,0
P51700034747,BALAJI ENTERPRISES,0,3,0
P51700047281,J.V. REALTY,0,0,0
P51700045206,Seven Eleven Construction Pvt Ltd,0,0,0
P51700045229,Seven Eleven Construction Pvt Ltd,0,0,0
P51700045260,RAMDEV BASERA,0,0,0
P51700045618,RAMDEV VENKATESH HOUSING,0,0,0
P51700045506,OMKAR REALTORS,0,0,0
P51700046036,VIHANG INFRASTRUCTURE PVT LTD,0,8,0
P51700045811,GURUVIDHA ENTERPRISES,0,0,0
P51700046384,A.P.I. SQAURE REALITY,0,0,0
P51700048041,SHREE OSTWAL BUILDERS LTD,0,1,0
P51700046536,Ace Signature Homes LLP,0,0,0
P51700046565,UNNATHI ASSOCIATES,0,5,0
P51700046564,UNNATHI ASSOCIATES,0,5,0
P51700046758,MAN VASTUCON LLP,0,0,0
P51700046957,PNK Construction,0,0,0
P51700046697,CLLARO ENTERPRISES LLP,0,1,0
P51700046980,PRIDE PROPERTY DEVELOPERS,0,1,0
P51700046777,Puranik Builders Limited,0,6,0
P51700046674,UNNATHI ASSOCIATES,0,5,0
P51700046653,ANANT SQUARE,0,0,0
P51700052073,M/s Sai Shakti Associates,0,1,0
P51700046736,CLLARO ENTERPRISES LLP,0,0,0
P51700047096,CHHEDA DEVELOPMENTS,0,0,0
P51700047026,Anmol Infra,0,0,0
P51700047108,S3 Smart Spaces Private Limited,0,0,0
P51700047942,ANJANI KUMAR CO PVT LTD,0,0,0
P51700046876,SALASAR SAMRUDHI REALTY PRIVATE LIMITED,0,0,0
P51700047329,Eversmile Properties Private Limited,0,0,0
P51700047533,OSTWAL AND PATADIA VENTURE,0,1,0
P51700047561,Puranik Builders Limited,0,2,0
P51700048170,Salangpur Gruh Nirman,0,0,0
P51700048347,SALASAR REALTORS,0,0,0
P51700048598,OM SAI BABA BUILDERS,0,0,0
P51700049440,A G SUPERSTRUCTURES PVT LTD,0,0,0
P51700049394,Magic Star Developers,0,0,0
P51700048919,MAXUS LIFESPACES LLP,0,0,0
P51700049442,KANUNGO PROPERTY,0,0,0
P51700048972,NORTH SOUTH ESTATE BUILDERS,0,0,0
P51700049126,REYANSHP REALTY LLP,0,1,0
P51700050118,RAJ HOMES,0,0,0
P51700050940,BLESSINGS ENTERPRISES,0,1,0
P51700051266,SUSHIL CHOTHMAL VARMA,0,0,0
P51700050346,BRICK WALL HOMES LLP,0,0,0
P51700050737,A G SUPERSTRUCTURES PVT LTD,0,0,0
P51700050558,SHRI RATNARAJ INFRA LLP,0,0,0
P51700050376,SHRIRAAM PIONEER DEVELOPERS PRIVATE LIMITED,0,0,0
P51700050981,A G SUPERSTRCUTURES PVT LTD,0,0,0
P51700053766,Suresh Kashinath Haware,0,0,0
P51700050502,Varadvinayak Developers,0,0,0
P51700051005,M/s Sai Shakti Creation,0,0,0
P51700050423,SHREE KRISHNA BUILDERS,0,0,0
P51700051124,Puranik Tokyo Bay Private Limited,0,1,0
P51700050166,Sunteck Lifespace Private Limited,0,3,0
P51700050167,Sunteck Lifespace Private Limited,0,7,0
P51700050415,RAJ HOMES,0,0,0
P51700050604,SHRI RATNARAJ INFRA LLP,0,0,0
P51700051191,Sunteck Lifespace Private Limited,0,3,0
P51700050526,MARUTI DWELLERS PRIVATE LIMITED,0,0,0
P51700050620,ANJANI KUMAR CO PVT LTD,0,0,0
P51700051349,SPACE REALTY,0,0,0
P51700051365,S. K. Heights Builders & Developers LLP,0,0,0
P51700050797,KM DEVELOPERS,0,0,0
P51700051409,PERIWINKLE CONSTRUCTIONS PRIVATE LIMITED,0,0,0
P51700050894,HCS REALTORS LLP,0,0,0
P51700052078,A G SUPERSTRUCTURES PRIVATE LIMITED,0,0,0
P51700052301,MONARCH DEVELOPERS,0,1,0
P51700052200,TIRUPATI DEVELOPERS,0,0,0
P51700052294,KOTHARI CREATION,0,0,0
P51700052021,K.M.DEVELOPERS,0,0,0
P51700052375,SIDDHIVINAYAK DEVELOPERS,0,0,0
P51700051586,RITU DEVELOPERS,0,1,0
P51700051908,ARUN CONSTRUCTION CO,0,0,0
P51700052057,SIDDHI DEVELOPERS,0,0,0
P51700054916,SHUBHAM HOUSING,0,0,0
P51700052890,AARTI ESTATES,0,0,0
P51700052552,SALASAR LIFESPACES,0,0,0
P51700053143,Aniline Construction Company Private Limited,0,0,0
P51700053224,CRESCENT SHELTERS,0,0,0
P51700054008,PYRAMID CONSTRUCTION,0,0,0
P51700053615,MAGIC SHANTI DEVELOPER,0,0,0
P51700053193,Chheda Developments,0,0,0
P51700052787,SIDDHIVINAYAK ENTERPRISE,0,0,0
P51700053373,NATIONAL ASSOCIATES,0,0,0
P51700053089,Eversmile Properties Private Limited,0,1,0
P51700053195,Eversmile Properties Private Limited,0,1,0
P51700054530,KRISHA BUILDERS,0,0,0
P51700053522,JP Infra Realty Private Limited,0,0,0
P51700054119,SIDDHIVINAYAK DEVELOPERS,0,0,0
P51700053626,GAURAV LAND CORPORATION,0,0,0
P51700054203,TRITONIA BUILDCON AND INFRA PRIVATE LIMITED,0,0,0
P51700055003,BALAJI REALTY LLP,0,0,0
P51700055427,Raj InfraEmpire Private Limited,0,0,0
P51700054824,Skylark Buildspace Private Limited,0,13,0
P51700054734,LAKE SCAPE,0,0,0
P51700054275,JP Infra Realty Private Limited,0,0,0
P51700054926,INDUS INFRATECH,0,0,0
P51700055107,AVIGHNAA INFRA BUILDCON LLP,0,5,0
