rera_certificate_no,project_name,builder_name,locality,district,bhk_config,carpet_area_sqft,price_inr,construction_stage,possession_date,rera_registration_date
P51700000002,UNNATHI WOODS PHASE VII A,UNNATHI ESTATES,Bhayandar West,Thane,,,,under_construction,2025-12-30,
P51700001636,SAMRIDDHI,A G SUPERSTRUCTURES PVT LTD,Mira Road East,Thane,,,,under_construction,2021-12-30,
P51700000053,GOLDSTAR DECENT HOMES,GOLDSTAR SANKALP CONSTRUCTION,Mira Road East,Thane,,,,under_construction,2019-12-31,
P51700002491,INDRAPRASTH WING C,SONAM BUILDERS,Mira Road East,Thane,,,,under_construction,2020-09-30,
P51700000009,N G Silver Spring,RNA Builders (NG),Mira Road East,Thane,,,,under_construction,2018-12-15,
P51800007505,PINE WOOD,RDC VENTURES,Bhayandar West,Thane,,,,under_construction,2018-06-30,
P51700008448,PRATHAM HEIGHTS,PRATHAM INFRASTRUCTURE,Mira Road East,Thane,,,,under_construction,2017-12-31,
P51700000586,SALASAR GREENS,SALASAR ESTATE DEVELOPERS LLP,Mira Road East,Thane,,,,under_construction,2026-12-31,
P51700000766,RAUNAK HEIGHTS,UNNATHI ASSOCIATES,Bhayandar West,Thane,,,,under_construction,2025-12-30,
P51900010004,KIPL Morya,khade Infrastructre Pvt. Ltd.,Bhayandar West,Thane,,,,under_construction,2022-06-30,
P51700006770,UNIQUE AURUM-II,UNIQUE SHANTI DEVELOPERS LLP,Mira Road East,Thane,,,,under_construction,2018-09-30,
P51700002572,SHANTI SEVEN,SHANTISTAR BUILDERS,Mira Road East,Thane,,,,under_construction,2019-12-31,
P51700000177,SALASAR WOODS,SALASAR ESTATE DEVELOPERS LLP,Mira Road East,Thane,,,,under_construction,2023-12-24,
P51700001116,KASTURI HEIGHTS,ANNAPURNA REALTORS,Mira Road East,Thane,,,,under_construction,2023-12-30,
P51700001403,jyoti breeze,VENKATESH CONSTRUCTION,Mira Road East,Thane,,,,under_construction,2023-12-30,
P51700001968,OSTWAL ORCHID BUILDING NO. 9 TO 12,ASHA ENTERPRISES,Mira Road East,Thane,,,,under_construction,2023-12-30,
P51700000549,Platinum Tower,Haware's Housing Development Finance Corporation Ltd.,Bhayandar West,Thane,,,,under_construction,2023-06-30,
P51700000120,Godrej Emerald Thane,Godrej Greenview Housing Private Limited,Bhayandar West,Thane,,,,under_construction,2026-06-30,
P51700001515,DAHLIA BLDG A D AND E,HAWARE ENGINEERS AND BUILDERS PRIVATE LIMITED,Bhayandar West,Thane,,,,under_construction,2020-10-29,
P51700000520,Tokyo Bay Phase - 2A,Puranik Tokyo Bay Private Limited,Bhayandar West,Thane,,,,under_construction,2024-12-30,
P51700000618,Tokyo Bay Phase - 1,Puranik Tokyo Bay Private Limited,Bhayandar West,Thane,,,,under_construction,2023-10-30,
P51700000689,Rumahbali Phase 2,Puranik Builders Limited,Bhayandar West,Thane,,,,under_construction,2023-12-30,
P51700002456,SHREE SANKALP,SHREE CONSTRUCTIONS,Bhayandar West,Thane,,,,under_construction,2019-07-31,
P51700000912,Puranik City Reserva Phase 1,Puranik Builders Limited,Bhayandar West,Thane,,,,under_construction,2029-03-30,
P51700006750,Kakad Paradise Phase 2,Kakad Housing Corporation,Mira Road East,Thane,,,,under_construction,2024-06-30,
P51700000940,Aarambh - C,M/s. Annapurna Lifespaces LLP,Bhayandar West,Thane,,,,under_construction,2026-06-30,
P51700002158,Puranik Home Town - E,Puranik Builders Limited,Bhayandar West,Thane,,,,under_construction,2026-12-30,
P51700010292,Salasar Aarpan A Wing,Salangpur Gruh Nirman,Mira Road East,Thane,,,,under_construction,2020-06-30,
P51700001132,SAI CHARAN COMPLEX BUILDING NO 3,OM SAI CHARAN BUILDERS,Mira Road East,Thane,,,,under_construction,2022-12-30,
P51700000893,ANNAPURNA JEWELS,ANNAPURNA CREATORS,Mira Road East,Thane,,,,under_construction,2019-06-30,
P51700002009,RAIL VIEW,UMESH NARESH JAIN,Mira Road East,Thane,,,,under_construction,2019-12-31,
P51700003496,BORIVALI YASH PRABHA CHS LTD,UNIQUE SHANTI DEVELOPERS LLP,Mira Road East,Thane,,,,under_construction,2021-12-30,
P51700000320,N G CANARY,RNA Builders (NG),Mira Road East,Thane,,,,under_construction,2019-12-15,
P51700003278,SHANTI ONE,SHANTISTAR BUILDERS,Mira Road East,Thane,,,,under_construction,2024-12-30,
P51700000589,N G BAVENO,RNA Builders (NG),Mira Road East,Thane,,,,under_construction,2021-12-14,
P51700001153,CASA UNIVIS - CIELO D,MACROTECH DEVELOPERS LIMITED,Bhayandar West,Thane,,,,under_construction,2018-03-31,
P51700001458,VIHANGS VERMONT,VIHANG ENTERPRISES,Bhayandar West,Thane,,,,under_construction,2022-12-30,
P51700002317,Anthurium,AARTI ESTATES,Bhayandar West,Thane,,,,under_construction,2023-10-30,
P51700004541,Anjani Regency,Geeta Developers,Bhayandar East,Thane,,,,under_construction,2020-12-30,
P51700001702,RAJ ESTATE,D.V.BUILDERS & DEVELOPERS PVT. LTD.,Mira Road East,Thane,,,,under_construction,2018-06-30,
P51700001981,Platinum,Silver Enterprises,Mira Road East,Thane,,,,under_construction,2018-12-31,
P51700004612,WHITE HOUSE,Laabh Samruddhi Enterprises,Bhayandar West,Thane,,,,under_construction,2025-12-30,
P51700002994,ARCH GARDENS I AND II,SAI PREM DEVELOPERS PRIVATE LIMITED,Bhayandar East,Thane,,,,under_construction,2019-12-31,
P51700011846,SEA GREEN APARTMENT,AAKASH BUILDERS & DEVELOPERS,Mira Road East,Thane,,,,under_construction,2022-12-30,
P51700000957,ANNAPURNA JYOTI,ANNAPURNA ASSOCIATES,Bhayandar East,Thane,,,,under_construction,2021-12-30,
P51700005311,Rosa Oasis Phase 2,Uma Enterprises,Bhayandar West,Thane,,,,under_construction,2019-12-31,
P51700001595,SHREE SHASHWAT BUILDING NO 19,Shashwat Developers,Mira Road East,Thane,,,,under_construction,2021-12-30,
P51700008034,SHRADDHA HEIGHTS,SHRADDHA CONSTRUCTIONS,Mira Road East,Thane,,,,under_construction,2018-04-30,
P51700002129,LAXMI HEIGHTS,LAXMI ASSOCIATES,Mira Road East,Thane,,,,under_construction,2023-12-30,
P51700009395,Nida Amisha Heights,SAI KRUPA DEVELOPERS,Mira Road East,Thane,,,,under_construction,2026-07-01,
P51700007887,RASHMI SIGNATURE,HEMENDRA PRANJIVAN BOSMIYA,Mira Road East,Thane,,,,under_construction,2022-06-13,
P51700003222,UNIQUE SIGNATURE,UNIQUE SHANTI DEVELOPERS LLP,Mira Road East,Thane,,,,under_construction,2023-12-31,
P51800000876,Annapurna Avenue,ANNAPURNA BUILDCON INFRA PRIVATE LIMITED,Mira Road East,Thane,,,,under_construction,2024-06-30,
P51800001920,Heena Presidency,Neha Developers,Mira Road East,Thane,,,,under_construction,2024-12-30,
P51700009852,RASHMI SWASTIK NAGAR,HEMENDRA PRANJIVAN BOSMIYA,Mira Road East,Thane,,,,under_construction,2022-01-30,
P51700000864,ASHOK SMRUTI DEFG,M/s Keytech,Bhayandar West,Thane,,,,under_construction,2019-12-31,
P51700008077,HATKESH HEIGHTS,S. M. INFRASTRUCTURES,Mira Road East,Thane,,,,under_construction,2020-09-30,
P51700011246,LAABH GLORIA,LAABH BUILDWELL,Bhayandar West,Thane,,,,under_construction,2024-05-29,
P51700003362,SKYLINE-II,UNIQUE SHANTI NEMINATH DEVELOPERS LLP,Mira Road East,Thane,,,,under_construction,2018-09-30,
P51700004954,SKYLINE-II-MHADA,UNIQUE SHANTI NEMINATH DEVELOPERS LLP,Mira Road East,Thane,,,,under_construction,2018-03-31,
P51700001707,Manhattan Phase 1,SAI UMA CONSTRUCTION PRIVATE LIMITED,Bhayandar West,Thane,,,,under_construction,2024-03-31,
P51700002037,RAUNAK DELIGHT,UNNATHI ASSOCIATES,Bhayandar West,Thane,,,,under_construction,2018-12-31,
P51700001560,TARANGAN,MAISON CONSTRUCTIONS PRIVATE LIMITED,Bhayandar West,Thane,,,,under_construction,2018-05-31,
P51700012157,HIRAL SHREE SAMARTH,HIRAL HOMES,Mira Road East,Thane,,,,under_construction,2021-12-30,
P51700001219,RAJ FLORENZA,RAJ REALTORS,Mira Road East,Thane,,,,under_construction,2023-12-30,
P51700005802,SUBODH,NEW HOMES CORPORATION,Bhayandar West,Thane,,,,under_construction,2024-03-14,
P51700006513,PRITHVI SNEH,PRITHVI BUILDWORTH CONSTRUCTIONS,Mira Road East,Thane,,,,under_construction,2026-12-30,
P51700003994,VENKATESH KUMKUM BLDG NO 10,SHREE BALAJI BUILDERS AND DEVELOPERS,Bhayandar East,Thane,,,,under_construction,2032-12-31,
P51700006779,VENKATESH JYOT BLDG NO 5,SHREE BALAJI BUILDERS AND DEVELOPERS,Bhayandar East,Thane,,,,under_construction,2021-12-30,
P51800002185,Annapurna Aquarius,Annapurna Properties,Bhayandar East,Thane,,,,under_construction,2023-12-30,
P51700004905,OSTWAL DARSHAN,SHREE OSTWAL BUILDERS LTD,Mira Road East,Thane,,,,under_construction,2024-12-29,
P51700001861,RAJ OAKS,RAJ CORPORATION,Mira Road East,Thane,,,,under_construction,2019-12-31,
P51700001015,BHAU PADMANN APARTMENT,Gujarat Land Developers,Mira Road East,Thane,,,,under_construction,2019-12-31,
P51700008381,OSTWAL POINT,SHREE OSTWAL BUILDERS LTD,Mira Road East,Thane,,,,under_construction,2018-12-31,
P51700003627,FLORENCE,SATGURU LIFESPACES,Bhayandar West,Thane,,,,under_construction,2022-12-30,
P51700003503,VASUDEV SKY HIGH,SHREE PRATHAMESH DEVELOPER,Mira Road East,Thane,,,,under_construction,2019-06-30,
P51800011407,GAURAV WOODS II,Ravi Developments,Mira Road East,Thane,,,,under_construction,2023-12-30,
P51700008433,OSTWAL HEIGHT - 5,SHREE OSTWAL BUILDERS LTD,Mira Road East,Thane,,,,under_construction,2018-12-31,
P51700005942,Pelican,M/S Ace Constructions,Bhayandar West,Thane,,,,under_construction,2018-06-30,
P51700001286,PREMIER SEAVIEW,AYUB HUSAIN KHATRI,Mira Road East,Thane,,,,under_construction,2018-12-31,
P51700003472,GAURAV SAFFRON,Ravi Developments,Mira Road East,Thane,,,,under_construction,2024-12-31,
P51700008009,Falcon,M/S Ace Constructions,Bhayandar West,Thane,,,,under_construction,2018-06-30,
P51700002276,PEARL,Sagar Enterprise,Bhayandar West,Thane,,,,under_construction,2019-08-31,
P51700001353,SPAN EXOTICA-WING B,SIDDHIVINAYAK DEVELOPERS,Bhayandar East,Thane,,,,under_construction,2019-03-31,
P51700001323,SHUBHAM,Sagar Enterprise,Bhayandar West,Thane,,,,under_construction,2018-08-31,
P51700002089,BHAKTI PEARL - C,BHAKTI CORPORATION,Bhayandar West,Thane,,,,under_construction,2017-12-31,
P51700006406,GURU ASHISH,SHREE GURUKRUPA VENTURES LLP,Bhayandar West,Thane,,,,under_construction,2018-12-31,
P51700001276,OLIVE-1,JVM ENTERPRISE,Bhayandar West,Thane,,,,under_construction,2019-12-31,
P51700004934,PRIDE RESIDENCY DAFFODIL,SAHIL DEVELOPERS,Bhayandar West,Thane,,,,under_construction,2018-12-31,
P51700011396,RAVIRAJ SPRING,M/s RAVIRAJ HOUSING (PRINCE CITY),Mira Road East,Thane,,,,under_construction,2018-12-15,
P51700001619,SPAN EXOTICA,infinity creators,Bhayandar East,Thane,,,,under_construction,2018-05-31,
P51700006605,IKIGAI - Phase 1,Puranik Tokyo Bay Private Limited,Bhayandar West,Thane,,,,under_construction,2031-12-30,
P51700011940,SPAN SIGNATURE,ANNAPURNA BUILDCON INFRA PVT LTD,Bhayandar East,Thane,,,,under_construction,2024-12-30,
P51700008730,Rassaz Greens,Rais  Ahmad,Mira Road East,Thane,,,,under_construction,2019-12-31,
P51700006780,GOLDEN CITY COMPLEX,SHREE J.P. BUILDERS,Mira Road East,Thane,,,,under_construction,2021-12-30,
P51700002452,SAHAKAR PREMIER,PREMIER REALTY,Mira Road East,Thane,,,,under_construction,2023-07-31,
P51700006296,IMPERIAL HEIGHTS PHASE I - A AND B WING,AKSHAR SHANTI REALTORS PRIVATE LIMITED,Mira Road East,Thane,,,,under_construction,2024-12-30,
P51700002976,Seven Eleven Construction Apna Ghar,Narendra Lalchand Mehta,Mira Road East,Thane,,,,under_construction,2018-09-30,
P51700007141,SADGURU COMPLEX BLDG NO 9,SADGURU BUILDERS,Bhayandar East,Thane,,,,under_construction,2028-12-30,
P51700005672,Westin Darvesh Horizon,DARVESH PROPERTIES PRIVATE LIMITED,Mira Road East,Thane,,,,under_construction,2025-12-31,
P51700001388,ANA Avant Garde Phase 1,STEELFAB ENGINEERING CORPORATION,Mira Road East,Thane,,,,under_construction,2019-12-31,
P51700007534,Rashmi Yug Lata,Rashmi Housing Private Limited,Mira Road East,Thane,,,,under_construction,2024-06-30,
P51900006575,Sanghvi S3 Ecocity Woods,Sanghvi Premises Pvt. Ltd.,Mira Road East,Thane,,,,under_construction,2024-12-29,
P51700008907,Arcadia,Jangid Properties,Mira Road East,Thane,,,,under_construction,2022-08-31,
P51700007793,PURUSHOTTAMNAYAN,GAURAV ENTERPRISES,Bhayandar West,Thane,,,,under_construction,2022-12-30,
P51700010943,PEHLA GHAR - SHUBH SANKET COMPLEX,LAABH REALTORS,Bhayandar West,Thane,,,,under_construction,2024-12-30,
P51700004717,ANAND PARK D WING,R K DEVELOPMENT,Mira Road East,Thane,,,,under_construction,2018-07-31,
P51700004725,TROPICAL LAGOON - 5 - DI VITA,SOHAM ESTATES,Bhayandar West,Thane,,,,under_construction,2023-07-31,
P51700002231,MAYFAIR MIRA PRIDE - WING A,MAYFAIR MARU DEVELOPERS,Mira Road East,Thane,,,,under_construction,2028-12-30,
P51700007634,"VIMAL RAJ WING A-1, MEDITYARAVIRAJ COMPLEX",RITESH RAMESH JAIN,Mira Road East,Thane,,,,under_construction,2019-12-31,
P51700010843,Salasar Aarpan B Wing,Salangpur Gruh Nirman,Mira Road East,Thane,,,,under_construction,2020-12-31,
P51700009673,NEW YASHODEEP CO-OP. HSG. SOC. LTD,H K Constructions,Bhayandar East,Thane,,,,under_construction,2023-10-31,
P51700008280,Swagat Heights,Swagat Property Developers,Mira Road East,Thane,,,,under_construction,2019-03-31,
P51700008485,TROPICAL LAGOON - 4 -JACARANDA,SOHAM ESTATES,Bhayandar West,Thane,,,,under_construction,2018-05-31,
P51700011018,SALASAR ASHISH,SALANGPUR REALTY,Bhayandar East,Thane,,,,under_construction,2018-03-14,
P51700009055,Parkwoods Building A1,Aniline Construction Company Private Limited,Bhayandar West,Thane,,,,under_construction,2018-03-31,
P51800008105,Hiraco Eminence Phase 1,KASHIMIRA CERAMIC PRODUCTS LLP,Mira Road East,Thane,,,,under_construction,2020-09-30,
P51800008104,Hiraco Eminence Phase 2,KASHIMIRA CERAMIC PRODUCTS LLP,Mira Road East,Thane,,,,under_construction,2020-09-30,
P51900009486,FLORENTIA,SIDDHIVINAYAK HOMES PVT. LTD.,Mira Road East,Thane,,,,under_construction,2022-12-30,
P51700012201,Venkatesh Heights,M/S Shree Balaji Foundation,Bhayandar East,Thane,,,,under_construction,2021-12-30,
P51700009100,IDEAL PARK,IDEAL BUILDER & DEVELOPERS,Mira Road East,Thane,,,,under_construction,2019-08-15,
P51700007024,PARKWOODS D5,Aniline Construction Company Private Limited,Bhayandar West,Thane,,,,under_construction,2026-03-30,
P51700008296,"Tower A to D on CTS no 104pt, 106pt, 224/1A, 224/1B in Village Ghodbunder, Mira Road",RNA Corp Pvt. Ltd,Mira Road East,Thane,,,,under_construction,2019-07-31,
P51700004482,"Tower E to I on CTS no 104pt, 106pt, 224/1A, 224/1B in Village Ghodbunder, Mira Road",RNA Corp Pvt. Ltd,Mira Road East,Thane,,,,under_construction,2019-07-31,
P51700011148,HORIZON PALMS II,K M DEVELOPERS,Bhayandar West,Thane,,,,under_construction,2022-04-30,
P51700009090,MANGAL PUSHP HEIGHTS,SUNIL MANGILAL JAIN,Bhayandar East,Thane,,,,under_construction,2023-12-30,
P51700005589,JVM FLORENCIA,JVM REALTY,Bhayandar West,Thane,,,,under_construction,2021-12-30,
P51700008762,Tirupati Heights,M/S Shri Tirupati Realty,Bhayandar East,Thane,,,,under_construction,2023-12-30,
P51700005412,UNIQUE ORBIT-I,UNIQUE SHANTI REALTORS,Mira Road East,Thane,,,,under_construction,2020-12-30,
P51700008916,JP North Estella,JP Infra Realty Private Limited,Mira Road East,Thane,,,,under_construction,2021-12-30,
P51700005948,DARSHANA HEIGHTS,Sudama construction co.,Bhayandar East,Thane,,,,under_construction,2024-12-30,
P51700004429,ARKADE ART PHASE 1,ARKADE REALTY,Mira Road East,Thane,,,,under_construction,2018-12-31,
P51900008323,Sanghvi S3 Ecocity Orchid,Sanghvi Premises Pvt Ltd,Mira Road East,Thane,,,,under_construction,2024-12-29,
P51800008848,PRITHVI PRIDE PHASE-I,PRITHVI LAND DEVELOPERS,Mira Road East,Thane,,,,under_construction,2022-10-30,
P51700004023,SHUBHAM HEIGHTS,SHYAMSUNDER RADHYSHYAM AGRAWAL,Bhayandar East,Thane,,,,under_construction,2022-12-30,
P51700009169,RADHESHYAM REGENCY,SHRI SATIMA ENTERPRISE,Bhayandar East,Thane,,,,under_construction,2018-12-31,
P51700005363,RAUNAK BLISS PHASE A,UNNATHI ASSOCIATES,Bhayandar West,Thane,,,,under_construction,2024-12-30,
P51700005406,SPAN TRIDENT WING B,SPAN VENTURE,Bhayandar East,Thane,,,,under_construction,2027-12-30,
P51700004747,RENTAL BUILDING A-1 R2,SONAM BUILDERS,Mira Road East,Thane,,,,under_construction,2020-09-30,
P51700006180,Ellora Heights,Ellora Realcon LLP,Mira Road East,Thane,,,,under_construction,2021-01-30,
P51700004117,JP North Atria,JP Infra Realty Private Limited,Mira Road East,Thane,,,,under_construction,2021-12-30,
P51700007911,SHREE SHASHWAT BLDG20,UDAY GHANSHYAM NAIK,Mira Road East,Thane,,,,under_construction,2025-12-30,
P51700007563,KASTURI,M/s EVERGREEN CONSTRUCTION,Bhayandar East,Thane,,,,under_construction,2021-12-30,
P51800008744,Foresta,Tejas Tarun Vyas,Mira Road East,Thane,,,,under_construction,2023-12-30,
P51700003600,Mahavir Estella - Wing A and B,Cityscape Construction Co,Bhayandar West,Thane,,,,under_construction,2018-12-31,
P51700012432,Vihang Plaza - A Commecial,VIHANG ENTERPRISES,Bhayandar West,Thane,,,,under_construction,2026-12-30,
P51700007248,Ambrosia and Aster,Jangid Properties,Mira Road East,Thane,,,,under_construction,2020-10-29,
P51700008208,SHREE VALLABH,SALASAR PROPERTY DEVELOPERS,Bhayandar East,Thane,,,,under_construction,2022-12-30,
P51700008205,PINNACOLO,SKD REALTY LLP,Mira Road East,Thane,,,,under_construction,2018-12-31,
P51700007001,JP North Elara,JP Infra Realty Private Limited,Mira Road East,Thane,,,,under_construction,2022-06-30,
P51700008395,MAN OPUS,MAN GLOBAL LTD.,Mira Road East,Thane,,,,under_construction,2019-08-30,
P51700012357,Indrayani,Jangid Developers,Mira Road East,Thane,,,,under_construction,2024-12-31,
P51700004330,UNNATHI WOODS PHASE VI - F2,UNNATHI ESTATES,Bhayandar West,Thane,,,,under_construction,2018-12-31,
P51700009513,"Mahavir Kalpavruksha - Oak, Tulip, Alcacia, Almond",Damji Shamji Realty Private Limited,Bhayandar West,Thane,,,,under_construction,2021-12-30,
P51700012047,AMBESH TOWER-1 AND 2,SHALIBHADRA REALITY,Mira Road East,Thane,,,,under_construction,2024-07-31,
P51700008895,BLDG 23 AS PER SALE PLAN WING E AS PER APPROVED PLAN,UDAY GHANSHYAM NAIK,Mira Road East,Thane,,,,under_construction,2023-12-30,
P51700003412,DEVTARA HEIGHTS,savera construction co,Mira Road East,Thane,,,,under_construction,2023-05-31,
P51700004368,Apna Ghar Phase-II Plot-A,Seven Eleven Construction Private Limited,Mira Road East,Thane,,,,under_construction,2022-06-30,
P51700006371,HORIZON CLASSIQUE-I,SACHIN ENTERPRISES,Bhayandar West,Thane,,,,under_construction,2018-06-30,
P51700004092,ARKADE ART PHASE 2,ARKADE REALTY,Mira Road East,Thane,,,,under_construction,2021-12-30,
P51700006067,Ramdev Villa,Ramdev Villa,Mira Road East,Thane,,,,under_construction,2018-01-31,
P51700010444,HORIZON HEIGHTS D,SHREENATH ENTERPRISES,Bhayandar West,Thane,,,,under_construction,2018-07-30,
P51700003099,RITU RAYYAN,RITU INFRASTRUCTURE PVT LTD,Mira Road East,Thane,,,,under_construction,2021-12-30,
P51700004584,I.P.ROYAL VILLA,ASLAM ISMAIL PATEL,Mira Road East,Thane,,,,under_construction,2024-04-15,
P51700005483,Fiama Residency,FIAMA CONSTRUCTION COMPANY,Bhayandar West,Thane,,,,under_construction,2021-12-30,
P51700005005,LAXMI ICON,ANIRUDDHA BUILDERS AND DEVELOPERS,Bhayandar West,Thane,,,,under_construction,2018-12-31,
P51700004956,Aims Sea View,AIMS PROMOTERS PVT LTD,Mira Road East,Thane,,,,under_construction,2024-10-31,
P51700006068,ARIHANT PLAZA,ARIHANT DEVELOPERS,Bhayandar East,Thane,,,,under_construction,2019-12-31,
P51700006636,GAUTAM ESTATES,GAUTAM ESTATES,Bhayandar East,Thane,,,,under_construction,2023-12-30,
P51700006155,Rosa Oasis Phase 3,Uma Enterprises,Bhayandar West,Thane,,,,under_construction,2017-12-31,
P51700007785,DEV RATNA,SDC DEVELOPERS PRIVATE LIMITED,Bhayandar East,Thane,,,,under_construction,2019-12-31,
P51700005038,vihang woods,VIHANG ENTERPRISES,Bhayandar West,Thane,,,,under_construction,2026-12-30,
P51700009680,Shubh Atika,Ravi Developments,Mira Road East,Thane,,,,under_construction,2024-12-29,
P51700009830,Happy Home Residency,Happy Home Residency,Mira Road East,Thane,,,,under_construction,2018-12-31,
P51700010308,SAI HANUMAN TOWER,SHREE SAMARTHA DEVELOPERS,Bhayandar East,Thane,,,,under_construction,2026-12-25,
P51700012299,Shreedham Excellency,Shreedham Construction Private Limited,Mira Road East,Thane,,,,under_construction,2022-12-30,
P51700007988,Apna Ghar Phase-II Plot-B,Seven Eleven Construction Private Limited,Mira Road East,Thane,,,,under_construction,2022-06-30,
P51700010895,NATWAR HOUSE CO-OP HSG SOC LTD,PADAMAVATI BUILDERS AND INFRASTRUCTURES,Mira Road East,Thane,,,,under_construction,2024-03-31,
P51700010577,"SHANTI GARDENS, SECTOR 5, BLDG. NO.8",RAMNAGAR DEVELOPMENT CORPORATION,Mira Road East,Thane,,,,under_construction,2022-12-30,
P51700004386,Sahakar Premier,Sahakar Infracon Projects Private Limited,Mira Road East,Thane,,,,under_construction,2023-12-30,
P51700008667,JP North Celeste,JP Infra (Mumbai) Pvt. Ltd.,Mira Road East,Thane,,,,under_construction,2020-12-29,
P51700010286,DEV AANGAN,SDC PROPERTIES PRIVATE LIMITED,Bhayandar East,Thane,,,,under_construction,2023-12-30,
P51700001985,ELCANTO,DEDHIA BUILDERS AND DEVELOPERS (INDIA) LLP,Bhayandar West,Thane,,,,under_construction,2018-12-31,
P51700011284,THE CENTRE PARK,SALASAR UNIQUE REALTORS LLP,Mira Road East,Thane,,,,under_construction,2023-12-30,
P51700002002,SHREE HAVEN,SHREE HOUSING CO,Mira Road East,Thane,,,,under_construction,2025-12-30,
P51700009969,DELTA VRINDAVAN,Delta venture,Mira Road East,Thane,,,,under_construction,2021-03-31,
P51700004620,WESTERN PARK,WESTERN REAL ESTATE PVT. LTD.,Mira Road East,Thane,,,,under_construction,2025-03-30,
P51700009203,JAK CELEBRITY,JAK INFRA,Mira Road East,Thane,,,,under_construction,2021-12-30,
P51700010363,SMITAL AVENUE,D. L. BUILDERS PVT. LTD.,Mira Road East,Thane,,,,under_construction,2018-03-31,
P51700005638,SHREE SAVALI WING B,UMESH RAOSAHEB PAWAR PATIL HUF,Bhayandar West,Thane,,,,under_construction,2019-07-31,
P51700009235,Kismat Residency,KISMAT DEVLOPERS,Mira Road East,Thane,,,,under_construction,2022-12-30,
P51700004512,ONYX,STRAWBERRY CONSTRUCTIONS PVT. LTD.,Mira Road East,Thane,,,,under_construction,2020-12-29,
P51700004961,SHREE AMBESH COMPLEX AND AMBESH BHAVAN,SHREE AMBESH CONSTRUCTION,Mira Road East,Thane,,,,under_construction,2022-06-30,
P51700009724,GAURAV SAMRUDDHI,Ravi Developments,Mira Road East,Thane,,,,under_construction,2018-12-31,
P51700006741,Shree Vaishnavi Heights,Shree Vaishnavi Gold Homes,Bhayandar West,Thane,,,,under_construction,2023-12-29,
P51700008964,12TH AVENUE,SADGURU BABA DEVELOPERS LLP,Mira Road East,Thane,,,,under_construction,2022-12-30,
P51700009592,PALACIA PHASE-II,SHREE SACHDHANAND DEVELOPERS,Bhayandar West,Thane,,,,under_construction,2020-12-30,
P51700007033,RAUNAK BLISS PHASE A - A3,UNNATHI ASSOCIATES,Bhayandar West,Thane,,,,under_construction,2025-12-30,
P51700012204,BHAWANI CONSTRUCTION,BHAWANI CONSTRUCTIONS,Mira Road East,Thane,,,,under_construction,2023-12-30,
P51700005767,YASHSHANTI,SIDDHIVINAYAK DEVELOPERS,Bhayandar East,Thane,,,,under_construction,2018-10-18,
P51700010584,KAVYA RESIDENCY,KAVYA MIRA REALTY,Bhayandar West,Thane,,,,under_construction,2021-12-30,
P51700009072,POONAM ESTATE CL 2 BLG NO 1 2 3,Ravi Developments,Mira Road East,Thane,,,,under_construction,2018-03-31,
P51700003812,KRISHNA DHAM,KARMA CONSTRUCTION,Mira Road East,Thane,,,,under_construction,2019-07-31,
P51700011256,SHREE PANCHAM,SHREE PANCHAM ASSOCIATES,Mira Road East,Thane,,,,under_construction,2018-06-30,
P51700010224,THE ADDRESS BUILDING NO.7/8/9,STRAWBERRY CONSTRUCTIONS PVT. LTD.,Mira Road East,Thane,,,,under_construction,2022-06-30,
P51700006459,UNIQUE ESTATE,UNIQUE SHANTI REALTORS,Mira Road East,Thane,,,,under_construction,2021-12-30,
P51700009949,UNIQUE ORBIT II,UNIQUE SHANTI REALTORS,Mira Road East,Thane,,,,under_construction,2021-12-30,
P51700009184,ACE SQUARE PHASE 1,ANANT SQUARE,Bhayandar West,Thane,,,,under_construction,2017-12-31,
P51700009145,MAHADEVSHREE,M.M.CONSTRUCTION,Mira Road East,Thane,,,,under_construction,2021-01-31,
P51700011797,POONAM ESTATE MHADA BLDG NO 8 AND 9,Ravi Developments,Mira Road East,Thane,,,,under_construction,2017-12-31,
P51800010532,DELTA GARDEN,Delta venture,Mira Road East,Thane,,,,under_construction,2018-07-31,
P51700007526,DEVESH,OM CONSTRUCTION CO,Mira Road East,Thane,,,,under_construction,2023-08-28,
P51700005737,INDRALOK HEIGHTS,INDRALOK CONSTRUCTION CO,Mira Road East,Thane,,,,under_construction,2017-12-31,
P51700006433,MAHADEV HEIGHTS,MANISH NANDKUMAR PATIL,Bhayandar East,Thane,,,,under_construction,2021-01-31,
P51700009878,ACE SQUARE PHASE 2,ANANT SQUARE,Bhayandar West,Thane,,,,under_construction,2024-06-30,
P51700012851,SHALOM JOVE,COTTADIYIL ENTERPRISES,Bhayandar East,Thane,,,,under_construction,2019-12-31,
P51700009004,BHARGAV,R N ENTERPRISES,Mira Road East,Thane,,,,under_construction,2019-12-31,
P51700010608,MAHADEV PARADISE,NANDKUMAR MAHADEV PATIL,Mira Road East,Thane,,,,under_construction,2019-07-31,
P51700009826,walchand nagar - 2,PRAKASH HAMIRMAL JAIN,Bhayandar East,Thane,,,,under_construction,2018-04-30,
P51700010771,MAHADEV TOWER,NANDKUMAR MAHADEV PATIL,Mira Road East,Thane,,,,under_construction,2022-07-31,
P51700010406,"TIARA HILLS PHASE I BLDG NO 3, 5 AND 2",PNK SPACE DEVELOPMENT PVT LTD,Mira Road East,Thane,,,,under_construction,2025-12-30,
P51700009545,DEDHIA ELITA C WING,JAYDEEP CORPORATION,Bhayandar West,Thane,,,,under_construction,2018-06-30,
P51700008166,POONAM ESTATE CL 2 BLG NO 7 8 9,Ravi Developments,Mira Road East,Thane,,,,under_construction,2019-06-30,
P51700010395,THE ADDRESS BUILDING NO.5,STRAWBERRY CONSTRUCTIONS PVT. LTD.,Mira Road East,Thane,,,,under_construction,2028-12-31,
P51700007104,Sunder Angan Phase II,SUNDER ANGAN DEVELOPERS,Mira Road East,Thane,,,,under_construction,2022-12-30,
P51700006557,Silver Spring,M/s. Shri Venkatesh Ramdev Homes,Bhayandar East,Thane,,,,under_construction,2024-12-31,
P51700008037,SIDDHAM HEIGHTS,BHOOPENDRA GHISULAL BORANA,Bhayandar East,Thane,,,,under_construction,2024-12-29,
P51800009375,OM SAI VINAYAK CO-OPERATIVE HOUSING SOCIETY LTD,Sai Omkar Developers,Bhayandar West,Thane,,,,under_construction,2023-12-30,
P51700010575,KAVYA PARK,SHREE CONSTRUCTION COMPANY,Bhayandar West,Thane,,,,under_construction,2024-12-31,
P51700003444,JEEVAN ASHA HEIGHTS,NIRMITI CONSTRUCTIONS,Mira Road East,Thane,,,,under_construction,2021-12-30,
P51700008949,PUSHPANJALI RESIDENCY PHASE III,Shriraam Pioneer Developers Private Limited,Bhayandar West,Thane,,,,under_construction,2023-12-17,
P51700009498,Puraniks Capitol,Puranik Builders Limited,Bhayandar West,Thane,,,,under_construction,2036-12-30,
P51700011183,KRISHNA PRESTIGE,M/s. Arun Bhoomi Corporation,Mira Road East,Thane,,,,under_construction,2023-12-29,
P51700007276,GAURAV ENCLAVE,Ravi Developments,Mira Road East,Thane,,,,under_construction,2023-12-30,
P51700010057,Poonam Square,Rohit Devendra Goyal,Mira Road East,Thane,,,,under_construction,2021-12-30,
P51700010338,Seven Eleven Regency,Seven Eleven Construction Private Limited,Mira Road East,Thane,,,,under_construction,2018-03-31,
P51700005760,COSMOS JEWELS,COSMOS LIFESTYLE,Bhayandar West,Thane,,,,under_construction,2018-03-31,
P51700010281,SHRUSHTI NIRMAN II,JAY BHARATI REALTY,Mira Road East,Thane,,,,under_construction,2025-03-31,
P51700011597,Seven Eleven Residency,Seven Eleven Construction Private Limited,Mira Road East,Thane,,,,under_construction,2018-03-31,
P51700011906,SAROJ CHANDRA RESIDENCY,ASHTAVINAYAK ENTERPRISES,Bhayandar East,Thane,,,,under_construction,2025-12-30,
P51700004996,SATGURUS SOLITAIRE,BUILDWELL LAND DEVELOPERS PRIVATE LIMITED,Bhayandar West,Thane,,,,under_construction,2017-12-31,
P51700012160,HILL GALAXY,R R BUILDERS,Mira Road East,Thane,,,,under_construction,2022-06-30,
P51700008758,TRINITY HEIGHTS,ANIL thakurdas kursija,Bhayandar West,Thane,,,,under_construction,2023-05-30,
P51700004645,BALAJI HEIGHTS,SHREE BALAJI REALITY,Mira Road East,Thane,,,,under_construction,2018-04-30,
P51700005806,HARSH RESIDENCY AND THE CORPORATE LOUNGE,HARSH REAL ESTATE PRIVATE LIMITED,Bhayandar East,Thane,,,,under_construction,2021-12-30,
P51700010095,Ramdev Vaayu,Manoj Motaji Purohit,Bhayandar East,Thane,,,,under_construction,2018-03-31,
P51700011369,Radha Regency,V.R. Construction Co.,Mira Road East,Thane,,,,under_construction,2018-12-31,
P51700011796,GAURAV ASTER,Ravi Developments,Mira Road East,Thane,,,,under_construction,2025-12-31,
P51700012652,VITRAG ORBIT,GOLDFIELD ASSOSCIATES,Mira Road East,Thane,,,,under_construction,2018-12-31,
P51700012669,D. G. Market,C9 BUILDCON,Mira Road East,Thane,,,,under_construction,2023-03-31,
P51700007828,NEW PRAKASH APARTMENT CHS,JASMINE REALTY,Mira Road East,Thane,,,,under_construction,2021-12-30,
P51700008383,Pristine Tower,Ideal Developers,Bhayandar West,Thane,,,,under_construction,2021-03-30,
P51700011960,SHREE KAMAKHYA CHAMBERS,SHRIPRAKASH VIJAYNATH RAI,Mira Road East,Thane,,,,under_construction,2023-03-30,
P51700006603,AABIEL HEIGHTS,DAICHI INFRA LLP,Bhayandar East,Thane,,,,under_construction,2023-08-28,
P51700009309,SAI Plaza,SHREE SAI SHAKTI DEVELOPERS,Mira Road East,Thane,,,,under_construction,2024-12-29,
P51700009612,SHREENATH AVENUE,SHREENATH ENTERPRISES,Mira Road East,Thane,,,,under_construction,2018-12-31,
P51700012936,Sheetal Complex Wing D E,ABHAY BUILDERS,Mira Road East,Thane,,,,under_construction,2021-02-05,
P51700011047,TIRUPATI COMPLEX,TIRUPATI DEVELOPERS,Bhayandar East,Thane,,,,under_construction,2027-12-31,
P51700010445,Raviraj Spring,MIra Housing Development Corporation,Mira Road East,Thane,,,,under_construction,2018-12-15,
P51700008654,SHANTAI,JANARDHAN SAKHARAM BHOIR,Bhayandar West,Thane,,,,under_construction,2021-12-30,
P51700013323,Manhattan Phase 2,SAI UMA CONSTRUCTION PRIVATE LIMITED,Bhayandar West,Thane,,,,under_construction,2024-12-29,
P51700007398,SIDDHACHAL RESIDENCY,HITECH DEVELOPERS,Bhayandar East,Thane,,,,under_construction,2022-06-30,
P51700012687,RAJ ENCLAVE,RATNA PRIYA BUILDERS,Mira Road East,Thane,,,,under_construction,2023-12-30,
P51700009414,DEEPAK APARTMENT,SILVER & RASHI CONSTRUCTIONS,Mira Road East,Thane,,,,under_construction,2024-08-31,
P51700011835,Anjani Sparsh,Geeta Space Realtors,Mira Road East,Thane,,,,under_construction,2020-12-30,
P51700012672,SHUBHAM GARDEN,SHUBHAM DRASHTI ENTERPRISES,Bhayandar East,Thane,,,,under_construction,2024-12-31,
P51700013178,RUHEENA APPARTMENT,SAIRAJDEVELOP,Mira Road East,Thane,,,,under_construction,2022-12-30,
P51700012717,SAI ENCLAVE,SAIRAJDEVELOP,Mira Road East,Thane,,,,under_construction,2024-12-30,
P51700011011,Jay Vanadana CHS Ltd,DAYANAND SANJEEV SHETTY,Mira Road East,Thane,,,,under_construction,2022-03-30,
P51700013056,OLIVE RESIDENCY,GOODWILL PROPERTIES,Bhayandar West,Thane,,,,under_construction,2021-12-30,
P51700010847,Amisha Empire - Phase I,Amisha Associates,Mira Road East,Thane,,,,under_construction,2022-06-30,
P51700013010,MEDTIYA RAVIRAJ,S.N. BUILDERS,Mira Road East,Thane,,,,under_construction,2025-12-31,
P51700011856,Neminath Heights,NEMINATH ENTERPRISES,Mira Road East,Thane,,,,under_construction,2024-12-30,
P51700012721,Aasanjo Amber,AASANJO AMBER,Mira Road East,Thane,,,,under_construction,2025-06-30,
P51700013805,Mahavir Kalpavruksha - J Wing,Damji Shamji Realty Private Limited,Bhayandar West,Thane,,,,under_construction,2024-12-29,
P51700010725,SHREE HARI DARSHAN BUILDING NO 7,SHUBHAM ENTERPRISES,Mira Road East,Thane,,,,under_construction,2024-12-30,
P51700012747,KEYSTONE CLASSIC,KEYSTONE CLASSIC,Mira Road East,Thane,,,,under_construction,2022-04-30,
P51700013349,V. M. HEIGHTS,SWAYAM DEVELOPERS,Mira Road East,Thane,,,,under_construction,2022-12-30,
P51700012991,Lodha Mira Road Project 1,MACROTECH DEVELOPERS LIMITED,Mira Road East,Thane,,,,under_construction,2023-11-27,
P51700013859,Mini Market,Hemant S Jain,Mira Road East,Thane,,,,under_construction,2018-12-31,
P51700013858,Heeru Sadan,Hemant S Jain,Bhayandar East,Thane,,,,under_construction,2021-12-30,
P51700020119,PRATHMESH,AXIS BUILDERS PVT LTD,Mira Road East,Thane,,,,under_construction,2022-12-30,
P51700015081,HORIZON CLASSIQUE-2,SACHIN ENTERPRISES,Bhayandar West,Thane,,,,under_construction,2022-12-30,
P51700015050,Mukund Niwas,NEW VEGAS DEVELOPERS,Bhayandar West,Thane,,,,under_construction,2020-09-30,
P51700014836,GARDEN COURT TYPE B2,DEEAARDEE ENTERPRISES,Bhayandar West,Thane,,,,under_construction,2021-12-30,
P51700014068,SKYWARDS REGENCY,SKYWARDS VISION DEVELOPERS,Mira Road East,Thane,,,,under_construction,2024-12-30,
P51700014453,Anjani Enclave,Geeta Developers,Mira Road East,Thane,,,,under_construction,2022-03-30,
P51700016448,PANCHVATI HEIGHTS,MUNISH REALITY,Mira Road East,Thane,,,,under_construction,2023-05-30,
P51700016575,ACE HOMES,AARTI ESTATES,Bhayandar West,Thane,,,,under_construction,2022-12-30,
P51700015519,N G VALENCIA PHASE I,RNA Builders (NG),Mira Road East,Thane,,,,under_construction,2022-12-30,
P51700015568,N G TIVOLI Phase I,RNA Builders (NG),Mira Road East,Thane,,,,under_construction,2022-12-30,
P51700015955,Rumah Bali Phase 3,Puranik Builders Limited,Bhayandar West,Thane,,,,under_construction,2031-12-30,
P51700015800,UNNATHI WOODS PHASE VII-B,UNNATHI ESTATES,Bhayandar West,Thane,,,,under_construction,2024-06-30,
P51700015804,UNNATHI WOODS PHASE VI-F1,UNNATHI ESTATES,Bhayandar West,Thane,,,,under_construction,2027-12-30,
P51700016511,SALASAR NEW SAI KRIPA CO-OPERATIVE HOUSING SOCIETY LTD.,SALASAR REALTORS,Bhayandar East,Thane,,,,under_construction,2022-12-30,
P51700016020,Apna Ghar Phase III,Seven Eleven Construction Private Limited,Mira Road East,Thane,,,,under_construction,2024-08-31,
P51700016103,SAI ENCLAVE WING B,MEHTA REALTY,Mira Road East,Thane,,,,under_construction,2023-12-29,
P51700019235,Bhoomi Acres M wing,V R Constructors Private Limited,Bhayandar West,Thane,,,,under_construction,2021-12-30,
P51700020184,Bhoomi Acres L wing,V R Constructors Private Limited,Bhayandar West,Thane,,,,under_construction,2022-12-30,
P51700016290,JP North Euphoria,JP Infra Realty Private Limited,Mira Road East,Thane,,,,under_construction,2025-12-30,
P51700016282,LEELA APARTMENT,SHUBHAM BUILDERS AND DEVELOPERS,Mira Road East,Thane,,,,under_construction,2022-12-30,
P51700016320,Vedant Ambar,Vedant Builders and Developers,Bhayandar West,Thane,,,,under_construction,2023-12-30,
P51700016457,KIRANS SHREE SMARAN,KIRAN VASANT THANDRE,Bhayandar West,Thane,,,,under_construction,2021-12-30,
P51700016450,RADHA KRISHNA,RAMPRASAD SOHANLAL AGRAWAL,Bhayandar East,Thane,,,,under_construction,2022-12-30,
P51700017046,HIBISCUS HEIGHTS,MOHAN DINESH SINGH,Mira Road East,Thane,,,,under_construction,2024-06-30,
P51700016784,VIMAL SHREE,RITESH RAMESH JAIN,Mira Road East,Thane,,,,under_construction,2023-12-30,
P51700017358,shree nidhi heights,SHREE NIDHI DEVELOPERS,Mira Road East,Thane,,,,under_construction,2022-06-30,
P51700016924,N G VALENCIA PHASE II,RNA Builders (NG),Mira Road East,Thane,,,,under_construction,2022-03-29,
P51700016736,JP North Alexa,JP Infra Realty Private Limited,Mira Road East,Thane,,,,under_construction,2025-12-30,
P51700016923,HARMONY,BUILDMAN CONSTRUCTION,Mira Road East,Thane,,,,under_construction,2021-12-30,
P51700017157,Umiya Oasis,Umiya Developers,Mira Road East,Thane,,,,under_construction,2029-12-30,
P51700019075,JANKI REGENCY,ADESHWAR DEVELOPERS,Mira Road East,Thane,,,,under_construction,2021-12-30,
P51700017467,VAIBHAV HORIZON,Vaibhav Siddhi Construction Co.,Bhayandar East,Thane,,,,under_construction,2023-09-24,
P51700017515,ANANDAM-A,Pahal Construction Co.,Bhayandar East,Thane,,,,under_construction,2024-06-30,
P51700017718,SHREE SARVA,UMESH RAOSAHEB PAWAR PATIL,Bhayandar West,Thane,,,,under_construction,2025-12-30,
P51700017723,"K. D. HERMITAGE, B. NO. 2",D. K. Enterprises,Mira Road East,Thane,,,,under_construction,2023-12-29,
P51700019337,Mahavir Kalpavruksha Wing J Phase 2,Damji Shamji Realty Private Limited,Bhayandar West,Thane,,,,under_construction,2024-12-30,
P51700017888,MUKUNDAM,Shree Ramjeevdani Realtors,Bhayandar East,Thane,,,,under_construction,2024-08-29,
P51700017916,SAGAR ACCORD,M/ S. S A REALTY,Mira Road East,Thane,,,,under_construction,2021-12-30,
P51700017865,AARADHYA HIGHPARK - PROJECT 1 OF PHASE I,MAN VASTUCON LLP,Mira Road East,Thane,,,,under_construction,2025-03-30,
P51700017795,walchand heights,prakash hamirmal jain,Bhayandar East,Thane,,,,under_construction,2022-09-30,
P51700017941,Anandam-B,Geeta Developers,Bhayandar East,Thane,,,,under_construction,2024-06-30,
P51700018094,SQUARE II B WING,SQUARE ARCH INFRA,Mira Road East,Thane,,,,under_construction,2023-03-31,
P51700018070,DELTA WOODS,Delta venture,Mira Road East,Thane,,,,under_construction,2023-09-30,
P51700018244,AARADHYA HIGHPARK - PROJECT 2 OF PHASE I,MAN VASTUCON LLP,Mira Road East,Thane,,,,under_construction,2025-03-30,
P51700018170,USHA KIRAN HEIGHTS,SAI SPARSH DEVELOPERS,Bhayandar East,Thane,,,,under_construction,2023-12-30,
P51700018127,SKY COURT,JVM SPACES,Bhayandar West,Thane,,,,under_construction,2022-12-30,
P51700018291,N G SILVER SPRING PHASE II,RNA Builders (NG),Bhayandar East,Thane,,,,under_construction,2021-12-30,
P51700018254,N G DIAMOND HILL B PHASE I,RNA Builders (NG),Mira Road East,Thane,,,,under_construction,2021-12-30,
P51700018537,Sai Mangalam,Kiran Dadaji Patil,Mira Road East,Thane,,,,under_construction,2023-12-30,
P51700018324,N G VIBRANCY PHASE I,RNA Builders (NG),Bhayandar East,Thane,,,,under_construction,2022-12-30,
P51700018330,Mahavir Estella - Wing E,M/s. Cityscape Construction Company,Bhayandar West,Thane,,,,under_construction,2022-12-30,
P51700018682,THE ADDRESS BLDG. NO. 6,STRAWBERRY CONSTRUCTIONS PVT. LTD.,Mira Road East,Thane,,,,under_construction,2027-12-31,
P51700018632,THE ADDRESS BLDG. NO. 1,STRAWBERRY CONSTRUCTIONS PVT. LTD.,Mira Road East,Thane,,,,under_construction,2028-12-31,
P51700018599,SAFA MARWAH,SAFA MARWAH COOP HOSUING SOCIETY LIMITED,Mira Road East,Thane,,,,under_construction,2029-12-30,
P51700018976,BLUE BELL,Ravi Developments,Mira Road East,Thane,,,,under_construction,2022-12-30,
P51700018931,N G CANARY PHASE II,RNA Builders (NG),Mira Road East,Thane,,,,under_construction,2022-06-29,
P51700018907,Surendra Villa,SHIVKRUPA CONSTRUCTION AND DEVELOPERS PVT LTD,Bhayandar West,Thane,,,,under_construction,2022-06-30,
P51700019190,RAJ HOMES,RAJ HOMES,Bhayandar East,Thane,,,,under_construction,2023-12-30,
P51700020259,RAJ HERITAGE 1,RAJ REALTY BUILDERS AND DEVELOPERS PRIVATE LIMITED,Mira Road East,Thane,,,,under_construction,2023-12-30,
P51700019257,BHAKTI PARK,Milan Jayantilal Salot,Bhayandar East,Thane,,,,under_construction,2022-12-30,
P51700019952,Intelligentia Spectrum Thane by Haware Properties,Haware Housing,Bhayandar West,Thane,,,,under_construction,2024-12-30,
P51700020659,SALANGPUR NIRMAN,SALANGPUR NIRMAN,Mira Road East,Thane,,,,under_construction,2022-12-30,
P51700020060,SAPPHIRE,JANGID BUILDERS PRIVATE LIMITED,Mira Road East,Thane,,,,under_construction,2022-12-30,
P51700019613,JP North Imperia - Tower 1,JP Infra Realty Private Limited,Mira Road East,Thane,,,,under_construction,2025-12-30,
P51700019875,SOLITAIRE HEIGHTS,SHANKESHWAR REALTORS,Bhayandar East,Thane,,,,under_construction,2022-12-30,
P51700019830,INDRADHANUSH,SONAM HOMES PRIVATE LIMITED,Mira Road East,Thane,,,,under_construction,2027-03-30,
P51700020506,THE EMPRESS,UNIQUE SHANTI DEVELOPERS LLP,Mira Road East,Thane,,,,under_construction,2023-03-30,
P51700019629,ANANTA,VIRTUOSO REALTY ENTERPRISES,Mira Road East,Thane,,,,under_construction,2025-12-30,
P51700019586,GEETA HEIGHTS,BHARATBHAI KESHAVLAL UNADKAT,Mira Road East,Thane,,,,under_construction,2025-01-30,
P51700020410,SNEHAM,Paridhi Developers,Bhayandar East,Thane,,,,under_construction,2025-02-28,
P51700021741,SHREE SAKET,UMESH RAOSAHEB PAWAR PATIL,Bhayandar West,Thane,,,,under_construction,2022-07-31,
P51700019783,JP North Imperia - Tower 2,JP Infra Realty Private Limited,Mira Road East,Thane,,,,under_construction,2025-12-30,
P51700019823,Jayagarden Phase 2,Bhoir Builders And Developers,Mira Road East,Thane,,,,under_construction,2022-12-25,
P51700020204,RAUNAK BLISS - B1,UNNATHI ASSOCIATES,Bhayandar West,Thane,,,,under_construction,2029-12-30,
P51700020244,RAUNAK BLISS - B2,UNNATHI ASSOCIATES,Bhayandar West,Thane,,,,under_construction,2029-12-30,
P51700020271,TIRUPATI POOJA,OM SHREE TIRUPATI BALAJI BUILDERS,Mira Road East,Thane,,,,under_construction,2024-12-30,
P51700020239,JANKI LEGACY,NANDKUMAR M PAPAIYA,Mira Road East,Thane,,,,under_construction,2026-04-22,
P51700019982,Ramdev Ritu Heights,M/s Shree Ramdev Ritu Developers,Mira Road East,Thane,,,,under_construction,2025-12-30,
P51700019990,RAJ AKSHAY,RAJ AKSHAY,Mira Road East,Thane,,,,under_construction,2025-12-30,
P51700020274,Shree Siddhi Enterprises,Dharmendra Chandrapal Singh,Mira Road East,Thane,,,,under_construction,2023-03-30,
P51700021222,SHREE SHASWAT BUILDING NO 15,WHITE HEAVEN REALTY,Mira Road East,Thane,,,,under_construction,2023-12-30,
P51700020082,North Barcelona,JP Infra Residency Private Limited,Mira Road East,Thane,,,,under_construction,2025-12-30,
P51700020265,Tokyo Bay Phase - 2C,Puranik Tokyo Bay Private Limited,Bhayandar West,Thane,,,,under_construction,2027-02-28,
P51700020491,Hiya Heights,Vinod Lalchandji Mehta,Mira Road East,Thane,,,,under_construction,2024-03-30,
P51700020309,Hiya Regency,Vinod Lalchandji Mehta,Mira Road East,Thane,,,,under_construction,2023-09-30,
P51700020490,Seven Square Avenue,M/S Shubh Realty,Mira Road East,Thane,,,,under_construction,2025-03-30,
P51700020335,METRO HIVE D-1,VIHANG INFRASTRUCTURE PVT LTD,Bhayandar West,Thane,,,,under_construction,2026-12-30,
P51700020360,SUVARNA PLAZA,MAHALAXMI CONSTRUCTION CO,Bhayandar East,Thane,,,,under_construction,2025-12-30,
P51700020867,ZUNERA HEIGHTS,786 MICRON BUILDERS & DEVELOPERS,Mira Road East,Thane,,,,under_construction,2026-12-31,
P51700021080,VINAY HERITAGE,AMAR ASSOCIATES,Mira Road East,Thane,,,,under_construction,2024-12-30,
P51700020782,SHETH SUPREME,SHETH BUILDERS PRIVATE LIMITED,Mira Road East,Thane,,,,under_construction,2024-12-30,
P51700022467,DURGA ENCLAVE,ANMOL DEVELOPERS,Mira Road East,Thane,,,,under_construction,2024-12-30,
P51700020730,GOLDEN HILLS B- 3,VIHANG ENTERPRISES,Bhayandar West,Thane,,,,under_construction,2024-12-30,
P51700020927,SQUARE GARDEN,SQUARE ARCH INFRA,Bhayandar East,Thane,,,,under_construction,2024-06-03,
P51700020921,UNNATHI WOODS PHASE VIII,UNNATHI ESTATES,Bhayandar West,Thane,,,,under_construction,2027-12-31,
P51700021181,VASUDEV PARADISE,ARISTONE DEVELOPERS,Mira Road East,Thane,,,,under_construction,2025-01-31,
P51700021045,IRIS MIRA ROAD E,JEETENDRA ALIAS RAVI AMARNATH KAPOOR,Mira Road East,Thane,,,,under_construction,2022-12-30,
P51700021404,MAHATMA RESIDENCY,RAJMAN RAJPAT YADAV,Bhayandar East,Thane,,,,under_construction,2024-12-30,
P51700021650,RASSAZ GREENS TOWER C D AND E,RASSAZ INFRASTRUCTURE PRIVATE LIMITED,Mira Road East,Thane,,,,under_construction,2026-12-01,
P51700021500,N G TIVOLI PHASE II,RNA Builders (NG),Mira Road East,Thane,,,,under_construction,2021-06-30,
P51700021757,SAVALIYA AVENUE,SHREE SAVALIYA HOUSING LLP,Mira Road East,Thane,,,,under_construction,2023-12-30,
P51700022208,SHIVRAJ CHAMBER,MAHALAXMI ENTERPRISES,Mira Road East,Thane,,,,under_construction,2023-12-30,
P51700021735,IRIS MIRA ROAD EAST 2ND PHASE,JEETENDRA ALIAS RAVI AMARNATH KAPOOR,Mira Road East,Thane,,,,under_construction,2025-12-30,
P51700022116,JYOTI DARSHAN,M/s Kanso Realty,Mira Road East,Thane,,,,under_construction,2022-12-30,
P51700022049,N G DIAMOND HILL D PHASE II,RNA Builders (NG),Mira Road East,Thane,,,,under_construction,2022-12-30,
P51700022028,N G HILL CREST,RNA Builders (NG),Mira Road East,Thane,,,,under_construction,2022-12-30,
P51700022791,SAI KARISHMA ENCLAVE,SURESH RADHESHYAM KABRA,Mira Road East,Thane,,,,under_construction,2023-12-30,
P51700022175,RAMABAI PARADISE,SHREE SAI SHAKTI DEVELOPERS,Mira Road East,Thane,,,,under_construction,2025-12-30,
P51700022407,ALEXA,JVM SPACES,Bhayandar West,Thane,,,,under_construction,2023-03-30,
P51700022362,Happy Home Residency CD,Happy Home Residency,Mira Road East,Thane,,,,under_construction,2022-03-30,
P51700022771,GN FIRDOWS,GNR Developers,Mira Road East,Thane,,,,under_construction,2024-12-30,
P51700022775,SALASAR SPARSH PHASE I,MAXUS PRIME REALTY LLP,Bhayandar East,Thane,,,,under_construction,2028-12-31,
P51700023901,Sagar Apt,Silver & Rashi Constructions,Mira Road East,Thane,,,,under_construction,2024-09-01,
P51700025005,Intelligentia Vector by Haware Properties,Haware Housing,Bhayandar West,Thane,,,,under_construction,2025-12-30,
P51700024029,VIDHI PRATIMA HEIGHT,RAJKUMAR OMPRAKASH SHARMA,Mira Road East,Thane,,,,under_construction,2026-12-30,
P51700023861,Om Ganesh Krupa,Alshaan Farookh Qureshi,Bhayandar East,Thane,,,,under_construction,2024-11-01,
P51700024319,SHUBHASHISH,SHUBHASHISH DEVELOPERS,Mira Road East,Thane,,,,under_construction,2024-06-30,
P51700024218,SHREE RAM HEIGHTS,VAVYA ENTERPRISES,Mira Road East,Thane,,,,under_construction,2026-12-30,
P51700023670,RIDDHI SIDDHI,HETAL INFRA REALTORS LLP,Mira Road East,Thane,,,,under_construction,2025-12-30,
P51700024335,Anjani Pride,Geeta Developers,Mira Road East,Thane,,,,under_construction,2025-07-01,
P51700024772,IMPERIAL HEIGHTS PHASE II - C WING,AKSHAR SHANTI REALTORS PRIVATE LIMITED,Mira Road East,Thane,,,,under_construction,2026-12-30,
P51700023940,JP North Aviva,JP Infra Realty Private Limited,Mira Road East,Thane,,,,under_construction,2026-12-30,
P51700023844,AARADHYA PRIMUS,MAN VASTUCON LLP,Mira Road East,Thane,,,,under_construction,2023-03-30,
P51700024016,UNIQUE IVANA,UNIQUE SHANTI DEVELOPERS LLP,Mira Road East,Thane,,,,under_construction,2024-06-30,
P51700024492,OSTWAL HORIZON,SHREE OSTWAL BUILDERS LTD,Mira Road East,Thane,,,,under_construction,2028-12-30,
P51700025546,SALASAR EXOTICA - I,Salasar Associates,Mira Road East,Thane,,,,under_construction,2025-06-30,
P51700024373,SHIMMER OCEAN PEARL,EKVEERA ENTERPRISES,Mira Road East,Thane,,,,under_construction,2024-12-30,
P51700024438,HORIZON EXOTICA,K M REALTY,Bhayandar West,Thane,,,,under_construction,2025-12-30,
P51700024952,PINNACOLO NX,SKD REALTY LLP,Mira Road East,Thane,,,,under_construction,2025-06-30,
P51700024636,DEVI CROWN,DINESH NANDKISHORE SIKHWAL,Mira Road East,Thane,,,,under_construction,2023-12-30,
P51700024761,CHANDRAKANT RESIDENCY BUILDING NO 2,GRANDBUILD REALTY LLP,Bhayandar East,Thane,,,,under_construction,2028-12-30,
P51700024926,Gayatri Elegance,Gayatrikripa Developers Private Limited,Mira Road East,Thane,,,,under_construction,2025-12-30,
P51700024930,MAHAVIR DARSHAN,MAHAVIR DEVELOPERS,Mira Road East,Thane,,,,under_construction,2023-12-30,
P51700025676,vraj vatika,MBP REALTORS LLP,Bhayandar East,Thane,,,,under_construction,2026-06-30,
P51700025078,BASERA HEIGHTS,KAMRUDDIN HASMULLAH SIDDIQUE,Mira Road East,Thane,,,,under_construction,2025-03-30,
P51700025276,KASTURI VAN,GUJARAT ESTATE,Mira Road East,Thane,,,,under_construction,2029-12-31,
P51700025771,JASMINE RESIDENCY,A.A.CORP.,Mira Road East,Thane,,,,under_construction,2025-11-24,
P51700026336,SHANTI HOUSE,SHANTISTAR BUILDERS,Mira Road East,Thane,,,,under_construction,2021-12-30,
P51700026651,The Anantaa Phase I,Ashtha Vinayak Developers LLP,Mira Road East,Thane,,,,under_construction,2026-01-31,
P51700026283,Mini Market,Hemant S Jain,Mira Road East,Thane,,,,under_construction,2023-06-30,
P51700026692,SHREE NIDHI HEIGHTS B WING,SHREE NIDHI DEVELOPERS,Mira Road East,Thane,,,,under_construction,2025-06-30,
P51700026430,A H Sapphire,A.H. Constructions,Mira Road East,Thane,,,,under_construction,2024-06-30,
P51700026852,IMPERIAL RESIDENCY,Leena Construction Co.,Bhayandar East,Thane,,,,under_construction,2026-06-30,
P51700026564,Manan Heights - A Wing,M/s.Hari Om Developers,Bhayandar West,Thane,,,,under_construction,2023-06-30,
P51700026698,"Sudama Vallabh wing A,B,C",Pravin Vandravandas Vora,Bhayandar East,Thane,,,,under_construction,2026-06-30,
P51700026679,VEDA,Sagar Enterprise,Bhayandar West,Thane,,,,under_construction,2024-09-30,
P51700027028,The Willows Phase 1,ORIGIN REALTORS LLP,Mira Road East,Thane,,,,under_construction,2024-06-30,
P51700026813,UNIQUE ESTATE WING E,UNIQUE SHANTI REALTORS,Mira Road East,Thane,,,,under_construction,2026-12-31,
P51700027312,SAVALIYA RESIDENCY,Shree Savaliya Housing LLP,Mira Road East,Thane,,,,under_construction,2025-06-30,
P51700027154,SUNDAR AANGAN BUILDING NO 5 E WING,SHREE AANGAN CONSTRUCTION,Mira Road East,Thane,,,,under_construction,2025-06-30,
P51700031097,PALM LANDS,SADGURU BUILD PROJECTS PRIVATE LIMITED,Mira Road East,Thane,,,,under_construction,2024-03-31,
P51700027465,INDRA NEEL,SONAM BUILDERS,Mira Road East,Thane,,,,under_construction,2027-05-30,
P51700027284,AVIGHNA COMPLEX PHASE I,AVIGHNAA INFRA BUILDCON LLP,Mira Road East,Thane,,,,under_construction,2026-06-30,
P51700028265,ENVIRO AFFINITY,YASH JAYESH SHAH,Mira Road East,Thane,,,,under_construction,2025-06-30,
P51700028853,V Villa,JAY HARESH MEHTA,Mira Road East,Thane,,,,under_construction,2026-06-30,
P51700027464,SPACE RESIDENCE - II - BUILDING NO. 4 B,SPACE REALTY,Mira Road East,Thane,,,,under_construction,2027-01-30,
P51700027365,SWASTIK HEIGHTS WING - A,SWASTIK DEVELOPERS,Mira Road East,Thane,,,,under_construction,2025-06-30,
P51700027348,ARIHANT HEIGHTS,ARIHANT ENTERPRISES,Bhayandar East,Thane,,,,under_construction,2025-06-30,
P51700027601,RAJVI HEIGHTS,MEETALI ENTERPRISES,Mira Road East,Thane,,,,under_construction,2023-06-30,
P51700027772,SUKUR ENCLAVE A,KISHOR VISHNU BHOIR,Bhayandar West,Thane,,,,under_construction,2022-09-30,
P51700028435,RAUNAK 108,UNNATHI ASSOCIATES,Bhayandar West,Thane,,,,under_construction,2026-06-30,
P51700027955,VASUDEV SKY HIGH,SHREE PRATHAMESH DEVELOPER,Mira Road East,Thane,,,,under_construction,2026-06-30,
P51700027673,ANAND PLAZA,SHREE ANAND CONSTRUCTION,Mira Road East,Thane,,,,under_construction,2027-06-30,
P51700027576,SHASTRI NAGAR NO1 CO OP HSG SOC LTD,REDEVELOPMENT ASSOCIATES,Bhayandar East,Thane,,,,under_construction,2025-06-30,
P51700027672,SADANAND PALACE,SARANGPUR DEVELOPERS,Mira Road East,Thane,,,,under_construction,2026-06-30,
P51700027814,Chandanbala,Hemant Sagarmal Jain,Bhayandar East,Thane,,,,under_construction,2025-06-01,
P51700028020,SHREE ANAND,SHREE ADESHWAR HOMES,Mira Road East,Thane,,,,under_construction,2025-06-30,
P51700028141,WISTERIA SQUARE 1,RAJDEEP REALTORS,Mira Road East,Thane,,,,under_construction,2024-06-30,
P51700028361,AROMA,Sagar Enterprise,Bhayandar West,Thane,,,,under_construction,2024-09-30,
P51700028384,North Barcelona Wing D,JP Infra Residency Private Limited,Mira Road East,Thane,,,,under_construction,2026-06-30,
P51700029486,ANANTA IXORA,VIRTUOSO REALTY ENTERPRISES,Mira Road East,Thane,,,,under_construction,2024-01-31,
P51700028504,HORIZON PALMS - III,KM DEVELOPERS,Bhayandar West,Thane,,,,under_construction,2024-12-30,
P51700029362,THE ADDRESS BUILDING NO. 3,STRAWBERRY CONSTRUCTIONS PVT. LTD.,Mira Road East,Thane,,,,under_construction,2026-12-31,
P51700029361,THE ADDRESS BUILDING NO.4,STRAWBERRY CONSTRUCTIONS PVT. LTD.,Mira Road East,Thane,,,,under_construction,2026-12-31,
P51700028739,HEMA KUNJ,BHADRANKAR ENTERPRISES LLP,Bhayandar East,Thane,,,,under_construction,2023-08-28,
P51700029183,SHRINATH CO-OPERATIVE HOUSING SOCIETY LTD,VIDHI BUILDCON PRIVATE LIMITED,Mira Road East,Thane,,,,under_construction,2024-12-02,
P51700028700,Bhairav Enclave,Leena Estate Venture,Bhayandar East,Thane,,,,under_construction,2026-08-28,
P51700029367,Sector 2A - Wing A,Eversmile Properties Private Limited,Mira Road East,Thane,,,,under_construction,2027-06-30,
P51700028685,Sector 2A - Wing B,Eversmile Properties Private Limited,Mira Road East,Thane,,,,under_construction,2027-12-30,
P51700029365,Sector 2A - Wing G,Eversmile Properties Private Limited,Mira Road East,Thane,,,,under_construction,2028-06-29,
P51700028686,Sector 2A - Wing H,Eversmile Properties Private Limited,Mira Road East,Thane,,,,under_construction,2027-12-30,
P51700029686,KRISHNA HEIGHTS,KRISHNA ASSOCIATE,Bhayandar East,Thane,,,,under_construction,2025-04-30,
P51700029505,Akshita Heights,AKSHITA CONSTRUCTION,Mira Road East,Thane,,,,under_construction,2023-10-23,
P51700029110,SHWETA HEIGHTS,SHREE SAI ASSOCIATES,Mira Road East,Thane,,,,under_construction,2026-03-31,
P51700030054,VLIFE SPACES,VLIFESPACES AND INFRA DEVELOPERS PRIVATE LIMITED,Mira Road East,Thane,,,,under_construction,2023-06-30,
P51700030151,ESQUIRE,JP INFRA&SALASAR BUILDCON LLP,Mira Road East,Thane,,,,under_construction,2027-12-31,
P51700029603,DAMODAR TOWER,JAANVI DEVELOPERS,Mira Road East,Thane,,,,under_construction,2026-03-31,
P51700029653,THE ADDRESS BUILDING NO. 2,STRAWBERRY CONSTRUCTIONS PVT. LTD.,Mira Road East,Thane,,,,under_construction,2026-12-31,
P51700029793,PRUTHVI PLAZA,PRUTHVI DEVELOPERS,Mira Road East,Thane,,,,under_construction,2023-12-31,
P51700030336,N G DIAMOND HILL A PHASE III,RNA Builders (NG),Mira Road East,Thane,,,,under_construction,2024-12-31,
P51700030337,N G DIAMOND HILL C PHASE IV,RNA Builders (NG),Mira Road East,Thane,,,,under_construction,2024-12-31,
P51700035177,Salasar Courtyard,Salasar Maxus Builders LLP,Mira Road East,Thane,,,,under_construction,2027-12-31,
P51700031137,OPULENCE,SONAM BUILDERS,Mira Road East,Thane,,,,under_construction,2028-12-30,
P51700030025,SHANKESHWAR DARSHAN,KALPVRIKSH HOMES LLP,Bhayandar East,Thane,,,,under_construction,2024-12-31,
P51700030915,Mahavir Breeze Phase 1,Damji Shamji Realty Pvt. Ltd.,Bhayandar West,Thane,,,,under_construction,2024-12-31,
P51700030094,FORTUNE EMPORIO,QUANTA REALTY LLP,Mira Road East,Thane,,,,under_construction,2025-12-31,
P51700030690,PRIDE OF UTTAN,BRICKSCITY DEVELOPERS PRIVATE LIMITED,Mira Road East,Thane,,,,under_construction,2023-05-27,
P51700030611,AARADHYA HIGHPARK PROJECT III of PHASE 1,MAN VASTUCON LLP,Mira Road East,Thane,,,,under_construction,2025-12-31,
P51700031029,IRIS A B AND K PHASE III,JEETENDRA ALIAS RAVI AMARNATH KAPOOR,Mira Road East,Thane,,,,under_construction,2025-12-31,
P51700031458,VIVANTA MARVEL,TECHNO VISION REALTORS LLP,Mira Road East,Thane,,,,under_construction,2025-09-30,
P51700031064,N G AVENUE,RNA Builders (NG),Bhayandar East,Thane,,,,under_construction,2023-12-31,
P51700033530,Laxmi Heights,Shree Mahalaxmi Builders,Mira Road East,Thane,,,,under_construction,2023-12-31,
P51700031911,N G SILVER SPRING PHASE III,RNA Builders (NG),Bhayandar East,Thane,,,,under_construction,2024-12-31,
P51700031846,N G GRAND EMPIRE PHASE I,RNA Builders (NG),Mira Road East,Thane,,,,under_construction,2026-12-31,
P51700031379,N G GRAND EMPIRE PHASE II,RNA Builders (NG),Mira Road East,Thane,,,,under_construction,2026-12-31,
P51700032031,JAK SERENITY,JAK REALTY,Mira Road East,Thane,,,,under_construction,2024-12-31,
P51700032014,Anantsavitri Ratna Heights,Krisha Realty,Bhayandar East,Thane,,,,under_construction,2024-12-31,
P51700032221,SEVEN ELEVEN COURTYARD,S.S.S ASSOICATES,Mira Road East,Thane,,,,under_construction,2025-11-30,
P51700031849,JP North Celeste - Wing D,JP Infra (Mumbai) Pvt. Ltd.,Mira Road East,Thane,,,,under_construction,2023-12-31,
P51700032634,BRICKS MANISHA,BRICKSCITY DEVELOPERS PRIVATE LIMITED,Mira Road East,Thane,,,,under_construction,2024-12-31,
P51700032616,SAROJ CHANDRA KRUPA,S C ASSOCIATES,Bhayandar East,Thane,,,,under_construction,2026-10-31,
P51700032292,Puraniks Unicorn Phase 1,Puranik Builders Limited,Bhayandar West,Thane,,,,under_construction,2028-12-31,
P51700032309,N G AROMA PHASE I,RNA Builders (NG),Mira Road East,Thane,,,,under_construction,2026-12-31,
P51700032464,N G AROMA PHASE II,RNA Builders (NG),Mira Road East,Thane,,,,under_construction,2026-12-31,
P51700032435,HATKESH HEIGHTS - PHASE II,S. M. INFRASTRUCTURES,Mira Road East,Thane,,,,under_construction,2026-12-31,
P51700032331,NOVA D-1,VIHANG ENTERPRISES,Bhayandar West,Thane,,,,under_construction,2028-12-30,
P51700033231,RAJ HERITAGE 2,RAJ REALTY BUILDERS & DEVELOPERS PRIVATE LIMITED,Mira Road East,Thane,,,,under_construction,2026-03-31,
P51700033362,SAI ANAND PLAZA,SHREE SAI DEVELOPERS,Mira Road East,Thane,,,,under_construction,2023-12-31,
P51700033471,RAMDEV RITU HEIGHTS,SHREE RAMDEV RITU DEVELOPERS,Mira Road East,Thane,,,,under_construction,2025-12-31,
P51700032694,N G OCEAN PEARL PHASE I,RNA Builders (NG),Mira Road East,Thane,,,,under_construction,2024-12-31,
P51700032807,N G OCEAN PEARL PHASE II,RNA Builders (NG),Mira Road East,Thane,,,,under_construction,2024-12-31,
P51700033489,ASMITA GRAND MAISON,ASMITA INDIA LIMITED,Mira Road East,Thane,,,,under_construction,2027-12-31,
P51700032789,VARDHAMAN KUTIR,VARDHAMAN BUILDERS,Mira Road East,Thane,,,,under_construction,2023-12-31,
P51700033813,Ace Courtyard,Ace Signature Homes LLP,Bhayandar West,Thane,,,,under_construction,2024-03-31,
P51700034071,Lodha Miraroad Tower - 1 and Tower - 2,MACROTECH DEVELOPERS LIMITED,Mira Road East,Thane,,,,under_construction,2026-03-31,
P51700033431,The Palace Tower C,JP Infra Realty Private Limited,Mira Road East,Thane,,,,under_construction,2028-12-31,
P51700033430,The Palace Tower B,JP Infra Realty Private Limited,Mira Road East,Thane,,,,under_construction,2028-12-31,
P51700033851,Sector 2A - Wing C,Eversmile Properties Private Limited,Mira Road East,Thane,,,,under_construction,2027-06-30,
P51700035107,BUDDHA HEIGHTS,Buddha Enterprises,Mira Road East,Thane,,,,under_construction,2027-12-31,
P51700033736,Cascade Avenue Bellagio,Aarsh Construction,Bhayandar West,Thane,,,,under_construction,2026-12-31,
P51700033763,RUDRA APARTMENT,SHREENATH CONSTRUCTIONS,Mira Road East,Thane,,,,under_construction,2024-03-30,
P51700034776,127 RAJ HOMES A WING,RAJ HOMES,Mira Road East,Thane,,,,under_construction,2025-09-30,
P51700035181,SWASTICK REGENCY,SHREE SWASTICK BUILDERS AND DEVELOPERS LLP,Mira Road East,Thane,,,,under_construction,2025-12-31,
P51700033946,WALCHAND PARADISE,PRAMANIK HOUSING PRIVATE LIMITED,Mira Road East,Thane,,,,under_construction,2025-12-31,
P51700034305,N G BLISS,RNA Builders (NG),Mira Road East,Thane,,,,under_construction,2026-12-31,
P51700034145,EVANA D-2,VIHANG INFRASTRUCTURE PVT LTD,Bhayandar West,Thane,,,,under_construction,2029-12-31,
P51700034944,S3 Skyrise,S3 Smart Spaces Private Limited,Mira Road East,Thane,,,,under_construction,2027-12-31,
P51700034981,SHREE RAM CO OPERATIVE HOUSING SOCIETY LIMITED,SANTOSH VASANT CHITNIS,Bhayandar East,Thane,,,,under_construction,2025-03-31,
P51700045390,J.K. HEIGHTS,SAI CONSTRUCTION,Mira Road East,Thane,,,,under_construction,2026-03-31,
P51700045750,Shree Partha,SHREE BUILDCON,Bhayandar West,Thane,,,,under_construction,2025-07-31,
P51700045466,OCEANIC,INDER'S INFRA,Mira Road East,Thane,,,,under_construction,2028-12-31,
P51700035088,SAVALIYA HEIGHTS,SHREE SAVALIYA HOMES LLP,Mira Road East,Thane,,,,under_construction,2026-12-31,
P51700035168,UNIQUE ELANZA,UNIQUE STAR DEVELOPERS LLP,Mira Road East,Thane,,,,under_construction,2027-03-25,
P51700034754,ELITA D3,VIHANG INFRASTRUCTURE PVT LTD,Bhayandar West,Thane,,,,under_construction,2029-12-31,
P51700045523,SAI PRAJAKTA,SUNIL MANGILAL JAIN,Mira Road East,Thane,,,,under_construction,2027-12-31,
P51700034747,VIHANG MARINA,BALAJI ENTERPRISES,Bhayandar West,Thane,,,,under_construction,2029-12-31,
P51700047281,GANESH DARSHAN,J.V. REALTY,Mira Road East,Thane,,,,under_construction,2026-07-30,
P51700045206,APNA GHAR PHASE II NX,Seven Eleven Construction Pvt Ltd,Mira Road East,Thane,,,,under_construction,2027-04-21,
P51700045229,APNA GHAR PHASE III NX,Seven Eleven Construction Pvt Ltd,Mira Road East,Thane,,,,under_construction,2027-03-31,
P51700045260,RAMDEV BASERA,RAMDEV BASERA,Mira Road East,Thane,,,,under_construction,2025-12-31,
P51700045618,SILVER SQUARE,RAMDEV VENKATESH HOUSING,Mira Road East,Thane,,,,under_construction,2026-12-31,
P51700045506,SHREE JAGANNATH TOWER,OMKAR REALTORS,Bhayandar East,Thane,,,,under_construction,2025-12-31,
P51700046036,COMMERCIAL BUILDING 10,VIHANG INFRASTRUCTURE PVT LTD,Bhayandar West,Thane,,,,under_construction,2024-12-31,
P51700045811,MAXIMUS,GURUVIDHA ENTERPRISES,Bhayandar East,Thane,,,,under_construction,2025-12-31,
P51700046384,VASUDEV HEIGHTS,A.P.I. SQAURE REALITY,Bhayandar East,Thane,,,,under_construction,2026-12-31,
P51700048041,OSTWAL PARADISE BUILDING NO.9 WING A - B - C,SHREE OSTWAL BUILDERS LTD,Mira Road East,Thane,,,,under_construction,2028-12-31,
P51700046536,Ace Enclave,Ace Signature Homes LLP,Bhayandar West,Thane,,,,under_construction,2026-12-31,
P51700046565,RAUNAK BLISS B2,UNNATHI ASSOCIATES,Bhayandar West,Thane,,,,under_construction,2029-12-31,
P51700046564,RAUNAK BLISS B3,UNNATHI ASSOCIATES,Bhayandar West,Thane,,,,under_construction,2029-12-31,
P51700046758,AARADHYA PARKWOOD 1,MAN VASTUCON LLP,Mira Road East,Thane,,,,under_construction,2028-12-31,
P51700046957,WINSTONE BUILDING TYPE - E,PNK Construction,Mira Road East,Thane,,,,under_construction,2026-12-31,
P51700046697,URBAN GRANDEUR BLDG-2,CLLARO ENTERPRISES LLP,Mira Road East,Thane,,,,under_construction,2027-06-30,
P51700046980,LARKINS NEST,PRIDE PROPERTY DEVELOPERS,Bhayandar West,Thane,,,,under_construction,2025-12-31,
P51700046777,Rumah Bali Phase 4,Puranik Builders Limited,Bhayandar West,Thane,,,,under_construction,2028-12-31,
P51700046674,RAUNAK BLISS A4,UNNATHI ASSOCIATES,Bhayandar West,Thane,,,,under_construction,2029-12-31,
P51700046653,Metropolis Bayside,ANANT SQUARE,Bhayandar West,Thane,,,,under_construction,2026-05-31,
P51700052073,Sai Empire,M/s Sai Shakti Associates,Mira Road East,Thane,,,,under_construction,2026-12-31,
P51700046736,URBAN NEST BLDG - 1,CLLARO ENTERPRISES LLP,Mira Road East,Thane,,,,under_construction,2024-12-31,
P51700047096,AVIGHNA BUILDING NO 3,CHHEDA DEVELOPMENTS,Mira Road East,Thane,,,,under_construction,2026-12-31,
P51700047026,Shanti Legacy,Anmol Infra,Mira Road East,Thane,,,,under_construction,2025-03-31,
P51700047108,S3 Skygreens,S3 Smart Spaces Private Limited,Mira Road East,Thane,,,,under_construction,2028-06-30,
P51700047942,The Pentagon,ANJANI KUMAR CO PVT LTD,Mira Road East,Thane,,,,under_construction,2026-12-31,
P51700046876,SALASAR CRYSTAL,SALASAR SAMRUDHI REALTY PRIVATE LIMITED,Bhayandar East,Thane,,,,under_construction,2025-12-31,
P51700047329,Sector 2A - Wing D,Eversmile Properties Private Limited,Mira Road East,Thane,,,,under_construction,2028-06-30,
P51700047533,O. P. PLAZA,OSTWAL AND PATADIA VENTURE,Mira Road East,Thane,,,,under_construction,2025-12-31,
P51700047561,Puraniks Unicorn Phase 2,Puranik Builders Limited,Bhayandar West,Thane,,,,under_construction,2029-12-31,
P51700048170,SALASAR AAVATAR,Salangpur Gruh Nirman,Mira Road East,Thane,,,,under_construction,2027-12-31,
P51700048347,SALASAR KASTURI SOLITAIRE,SALASAR REALTORS,Bhayandar East,Thane,,,,under_construction,2028-12-31,
P51700048598,SAI HANUMAN TOWER B WING,OM SAI BABA BUILDERS,Bhayandar East,Thane,,,,under_construction,2025-05-31,
P51700049440,WINDERMERE BUILDING NO 1 TO 6,A G SUPERSTRUCTURES PVT LTD,Bhayandar East,Thane,,,,under_construction,2027-12-31,
P51700049394,Magic Meera Heights,Magic Star Developers,Mira Road East,Thane,,,,under_construction,2025-12-30,
P51700048919,SALASAR KASTURI GRANDEUR,MAXUS LIFESPACES LLP,Bhayandar East,Thane,,,,under_construction,2030-12-31,
P51700049442,BEAUMONDE,KANUNGO PROPERTY,Mira Road East,Thane,,,,under_construction,2026-03-31,
P51700048972,SALASAR EXOTICA II,NORTH SOUTH ESTATE BUILDERS,Mira Road East,Thane,,,,under_construction,2027-12-31,
P51700049126,VIHANG LUXURIA,REYANSHP REALTY LLP,Mira Road East,Thane,,,,under_construction,2027-12-31,
P51700050118,127 RAJ HOMES B AND C WING,RAJ HOMES,Mira Road East,Thane,,,,under_construction,2026-12-31,
P51700050940,BLESSINGS APARTMENT,BLESSINGS ENTERPRISES,Mira Road East,Thane,,,,under_construction,2025-03-31,
P51700051266,LOVEDALE CHSL,SUSHIL CHOTHMAL VARMA,Mira Road East,Thane,,,,under_construction,2024-03-31,
P51700050346,Blue Bell,BRICK WALL HOMES LLP,Mira Road East,Thane,,,,under_construction,2024-07-31,
P51700050737,WINDERMERE TOWER B,A G SUPERSTRUCTURES PVT LTD,Bhayandar East,Thane,,,,under_construction,2028-12-31,
P51700050558,SKYLINE WING - C,SHRI RATNARAJ INFRA LLP,Bhayandar East,Thane,,,,under_construction,2029-12-31,
P51700050376,PUSHPANJALI RESIDENCY PHASE III,SHRIRAAM PIONEER DEVELOPERS PRIVATE LIMITED,Bhayandar West,Thane,,,,under_construction,2028-12-31,
P51700050981,WINDERMERE TOWER C,A G SUPERSTRCUTURES PVT LTD,Bhayandar East,Thane,,,,under_construction,2028-12-31,
P51700053766,Intelligentia Segment by Haware Properties,Suresh Kashinath Haware,Bhayandar West,Thane,,,,under_construction,2027-12-31,
P51700050502,Siddhivinayak Aura Building - 1,Varadvinayak Developers,Mira Road East,Thane,,,,under_construction,2029-05-31,
P51700051005,SKYLINE D,M/s Sai Shakti Creation,Bhayandar East,Thane,,,,under_construction,2029-12-31,
P51700050423,SHREE KRISHNA COMPLEX - WING D,SHREE KRISHNA BUILDERS,Mira Road East,Thane,,,,under_construction,2028-12-31,
P51700051124,IKIGAI Phase 2,Puranik Tokyo Bay Private Limited,Bhayandar West,Thane,,,,under_construction,2030-12-31,
P51700050166,Sunteck Sky Park 2,Sunteck Lifespace Private Limited,Mira Road East,Thane,,,,under_construction,2029-12-31,
P51700050167,Sunteck Sky Park 1,Sunteck Lifespace Private Limited,Mira Road East,Thane,,,,under_construction,2029-12-31,
P51700050415,127 RAJ HOMES D WING,RAJ HOMES,Mira Road East,Thane,,,,under_construction,2026-12-31,
P51700050604,SKYLINE WING - B,SHRI RATNARAJ INFRA LLP,Bhayandar East,Thane,,,,under_construction,2029-12-31,
P51700051191,Sunteck Times Square,Sunteck Lifespace Private Limited,Mira Road East,Thane,,,,under_construction,2027-12-31,
P51700050526,MARUTI SQUARE BUILDING NO 7,MARUTI DWELLERS PRIVATE LIMITED,Mira Road East,Thane,,,,under_construction,2027-12-31,
P51700050620,ANJANI ONE,ANJANI KUMAR CO PVT LTD,Mira Road East,Thane,,,,under_construction,2027-03-31,
P51700051349,SPACE RESIDENCE - II BUILDING NO. 4 A,SPACE REALTY,Mira Road East,Thane,,,,under_construction,2027-12-15,
P51700051365,Imperial Garden,S. K. Heights Builders & Developers LLP,Mira Road East,Thane,,,,under_construction,2031-03-31,
P51700050797,HORIZON PEARL,KM DEVELOPERS,Bhayandar West,Thane,,,,under_construction,2027-04-30,
P51700051409,KANAKIA BEVERLY HEIGHTS,PERIWINKLE CONSTRUCTIONS PRIVATE LIMITED,Mira Road East,Thane,,,,under_construction,2027-12-31,
P51700050894,HCS HORIZON,HCS REALTORS LLP,Mira Road East,Thane,,,,under_construction,2026-12-31,
P51700052078,WINDERMERE TOWER A,A G SUPERSTRUCTURES PRIVATE LIMITED,Bhayandar East,Thane,,,,under_construction,2028-12-31,
P51700052301,COSMOS ENCLAVE BLDG-JASMINE,MONARCH DEVELOPERS,Bhayandar West,Thane,,,,under_construction,2026-12-31,
P51700052200,PUSHPA ENCLAVE,TIRUPATI DEVELOPERS,Mira Road East,Thane,,,,under_construction,2025-12-31,
P51700052294,K D HERMITAGE BUILDING NO 1,KOTHARI CREATION,Mira Road East,Thane,,,,under_construction,2026-12-31,
P51700052021,NARMADA MOHAN ATLANTIS,K.M.DEVELOPERS,Bhayandar East,Thane,,,,under_construction,2028-12-31,
P51700052375,SHREEJI ANGARIKA,SIDDHIVINAYAK DEVELOPERS,Mira Road East,Thane,,,,under_construction,2026-06-30,
P51700051586,GARDEN COURT-D WING,RITU DEVELOPERS,Bhayandar East,Thane,,,,under_construction,2028-03-31,
P51700051908,SURYA HERITAGE A,ARUN CONSTRUCTION CO,Mira Road East,Thane,,,,under_construction,2026-12-31,
P51700052057,SIDDHIVINAYAK ENCLAVE,SIDDHI DEVELOPERS,Mira Road East,Thane,,,,under_construction,2028-12-31,
P51700054916,SHREE BALAJI EMPIRE,SHUBHAM HOUSING,Mira Road East,Thane,,,,under_construction,2030-12-31,
P51700052890,Ace Parkside,AARTI ESTATES,Bhayandar West,Thane,,,,under_construction,2029-12-31,
P51700052552,SALASAR SHEETAL SANGEET,SALASAR LIFESPACES,Mira Road East,Thane,,,,under_construction,2027-12-31,
P51700053143,Parkwoods D6,Aniline Construction Company Private Limited,Bhayandar West,Thane,,,,under_construction,2028-12-31,
P51700053224,CRESCENT WTC (WESTERN TRADE CENTER),CRESCENT SHELTERS,Mira Road East,Thane,,,,under_construction,2027-06-30,
P51700054008,PYRAMID HORIZON,PYRAMID CONSTRUCTION,Mira Road East,Thane,,,,under_construction,2027-12-31,
P51700053615,MAGIC OM HEIGHTS,MAGIC SHANTI DEVELOPER,Bhayandar East,Thane,,,,under_construction,2026-12-31,
P51700053193,Avighna Building No 4,Chheda Developments,Mira Road East,Thane,,,,under_construction,2027-12-31,
P51700052787,KASTURI BLOSSOM,SIDDHIVINAYAK ENTERPRISE,Mira Road East,Thane,,,,under_construction,2027-12-31,
P51700053373,PANCHVATI COMPLEX,NATIONAL ASSOCIATES,Mira Road East,Thane,,,,under_construction,2027-12-31,
P51700053089,Sector 2A - Wing E,Eversmile Properties Private Limited,Mira Road East,Thane,,,,under_construction,2028-06-30,
P51700053195,Sector 2A - Wing F,Eversmile Properties Private Limited,Mira Road East,Thane,,,,under_construction,2028-06-30,
P51700054530,VASUDEV RATNA,KRISHA BUILDERS,Mira Road East,Thane,,,,under_construction,2027-12-31,
P51700053522,North Westend Tower 1,JP Infra Realty Private Limited,Bhayandar East,Thane,,,,under_construction,2029-12-31,
P51700054119,UNIQUE ESTATE TYPE-C WING D,SIDDHIVINAYAK DEVELOPERS,Mira Road East,Thane,,,,under_construction,2027-03-31,
P51700053626,ACE ARISTO,GAURAV LAND CORPORATION,Bhayandar West,Thane,,,,under_construction,2026-10-31,
P51700054203,MAN MANDIR,TRITONIA BUILDCON AND INFRA PRIVATE LIMITED,Bhayandar East,Thane,,,,under_construction,2028-12-30,
P51700055003,Sky Heights,BALAJI REALTY LLP,Mira Road East,Thane,,,,under_construction,2029-12-31,
P51700055427,SHREE SHASHWAT BUILDING NO. 22,Raj InfraEmpire Private Limited,Mira Road East,Thane,,,,under_construction,2027-01-14,
P51700054824,CODENAME LOTTERY,Skylark Buildspace Private Limited,Bhayandar West,Thane,,,,under_construction,2031-12-31,
P51700054734,LAKESCAPE,LAKE SCAPE,Bhayandar West,Thane,,,,under_construction,2028-12-30,
P51700054275,Codename StarLife,JP Infra Realty Private Limited,Mira Road East,Thane,,,,under_construction,2031-12-31,
P51700054926,Masaakin Hatimiyah,INDUS INFRATECH,Bhayandar East,Thane,,,,under_construction,2029-03-31,
P51700055107,AVIGHNA COMPLEX PHASE II,AVIGHNAA INFRA BUILDCON LLP,Mira Road East,Thane,,,,under_construction,2029-12-31,
